"202","イオンアイビス（株）","ＤＸシステム開発Ｇ","0543956","高田　優祈音","在庫調整申請テスト（王）1","倉庫コード,倉庫名,部門コード,部門名,商品コード,品種名,メーカー名,型番,入荷日,ロットNo,原単価,売単価,取引先,仕入伝票No,販売期間,入荷数,単品追加数,単品削除数,入庫数計,出荷済数,ロス数,返品数,不良品数,出荷数計,在庫数,展示品数,出荷準備中数,在庫数計 ? ?111,test,11102,部門テスト1,1110201,,,,,,,,,,,,,,,,,,,,,,, ? ","","","","{\"AgentMode\": \"0\", \"AutoApprovalMode\": \"N\", \"content\": [{\"value\": \"高田　優祈音\", \"name\": \"従業員氏名\"}, {\"value\": \"0543956\", \"name\": \"社員番号\"}, {\"value\": \"イオンアイビス（株）\", \"name\": \"会社名称\"}, {\"value\": \"ＤＸシステム開発Ｇ\", \"name\": \"所属\"}]}","2023-11-02 10:44:10","0543956","2023-11-02 10:44:10","0543956","2","11637","ＤＸシステム開発Ｇ-0543956,真洲句 優祈音は2023-11-02 10:44で開始.","0","","702","0","@0543956,真洲句 優祈音@","真洲句 優祈音","2023-11-02","ＤＸシステム開発Ｇ","2023-11-02 10:44","0","2023-11-02 10:44","0543956","0543956","1","0","","","","","","","","2023-10-19 09:31:49","702","2023-10-19 09:31:49","0","0543956","0543956","2023-10"
"203","イオンアイビス（株）","ＤＸシステム開発Ｇ","0543956","高田　優祈音","在庫調整申請テスト（王）2","倉庫コード,倉庫名,部門コード,部門名,商品コード,品種名,メーカー名,型番,入荷日,ロットNo,原単価,売単価,取引先,仕入伝票No,販売期間,入荷数,単品追加数,単品削除数,入庫数計,出荷済数,ロス数,返品数,不良品数,出荷数計,在庫数,展示品数,出荷準備中数,在庫数計 ? ?111,test,11102,部門テスト1,1110201,,,,,,,,,,,,,,,,,,,,,,, ? ","","","","{\"AgentMode\": \"0\", \"AutoApprovalMode\": \"N\", \"content\": [{\"value\": \"高田　優祈音\", \"name\": \"従業員氏名\"}, {\"value\": \"0543956\", \"name\": \"社員番号\"}, {\"value\": \"イオンアイビス（株）\", \"name\": \"会社名称\"}, {\"value\": \"ＤＸシステム開発Ｇ\", \"name\": \"所属\"}]}","2023-11-02 10:44:10","0543956","2023-11-02 10:44:10","0543956","2","11637","ＤＸシステム開発Ｇ-0543956,真洲句 優祈音は2023-11-02 10:44で開始.","0","","702","0","@0543956,真洲句 優祈音@","真洲句 優祈音","2023-11-02","ＤＸシステム開発Ｇ","2023-11-02 10:44","0","2023-11-02 10:44","0543956","0543956","1","0","","","","","","","","2023-10-19 09:31:49","702","2023-10-19 09:31:49","0","0543956","0543956","2023-10"
"204","イオンアイビス（株）","ＤＸシステム開発Ｇ","0543956","高田　優祈音","在庫調整申請テスト（王）3","倉庫コード,倉庫名,部門コード,部門名,商品コード,品種名,メーカー名,型番,入荷日,ロットNo,原単価,売単価,取引先,仕入伝票No,販売期間,入荷数,単品追加数,単品削除数,入庫数計,出荷済数,ロス数,返品数,不良品数,出荷数計,在庫数,展示品数,出荷準備中数,在庫数計 ? ?111,test,11102,部門テスト1,1110201,,,,,,,,,,,,,,,,,,,,,,, ? ","","","","{\"AgentMode\": \"0\", \"AutoApprovalMode\": \"N\", \"content\": [{\"value\": \"高田　優祈音\", \"name\": \"従業員氏名\"}, {\"value\": \"0543956\", \"name\": \"社員番号\"}, {\"value\": \"イオンアイビス（株）\", \"name\": \"会社名称\"}, {\"value\": \"ＤＸシステム開発Ｇ\", \"name\": \"所属\"}]}","2023-11-02 10:44:10","0543956","2023-11-02 10:44:10","0543956","2","11637","ＤＸシステム開発Ｇ-0543956,真洲句 優祈音は2023-11-02 10:44で開始.","0","","702","0","@0543956,真洲句 優祈音@","真洲句 優祈音","2023-11-02","ＤＸシステム開発Ｇ","2023-11-02 10:44","0","2023-11-02 10:44","0543956","0543956","1","0","","","","","","","","2023-10-19 09:31:49","702","2023-10-19 09:31:49","0","0543956","0543956","2023-10"
"205","イオンアイビス（株）","ＤＸシステム開発Ｇ","0543956","高田　優祈音","在庫調整申請テスト（王）4","倉庫コード,倉庫名,部門コード,部門名,商品コード,品種名,メーカー名,型番,入荷日,ロットNo,原単価,売単価,取引先,仕入伝票No,販売期間,入荷数,単品追加数,単品削除数,入庫数計,出荷済数,ロス数,返品数,不良品数,出荷数計,在庫数,展示品数,出荷準備中数,在庫数計 ? ?111,test,11102,部門テスト1,1110201,,,,,,,,,,,,,,,,,,,,,,, ? ","","","","{\"AgentMode\": \"0\", \"AutoApprovalMode\": \"N\", \"content\": [{\"value\": \"高田　優祈音\", \"name\": \"従業員氏名\"}, {\"value\": \"0543956\", \"name\": \"社員番号\"}, {\"value\": \"イオンアイビス（株）\", \"name\": \"会社名称\"}, {\"value\": \"ＤＸシステム開発Ｇ\", \"name\": \"所属\"}]}","2023-11-02 10:44:10","0543956","2023-11-02 10:44:10","0543956","2","11637","ＤＸシステム開発Ｇ-0543956,真洲句 優祈音は2023-11-02 10:44で開始.","0","","702","0","@0543956,真洲句 優祈音@","真洲句 優祈音","2023-11-02","ＤＸシステム開発Ｇ","2023-11-02 10:44","0","2023-11-02 10:44","0543956","0543956","1","0","","","","","","","","2023-10-19 09:31:49","702","2023-10-19 09:31:49","0","0543956","0543956","2023-10"
"206","イオンアイビス（株）","ＤＸシステム開発Ｇ","0543956","高田　優祈音","在庫調整申請テスト（王）5","倉庫コード,倉庫名,部門コード,部門名,商品コード,品種名,メーカー名,型番,入荷日,ロットNo,原単価,売単価,取引先,仕入伝票No,販売期間,入荷数,単品追加数,単品削除数,入庫数計,出荷済数,ロス数,返品数,不良品数,出荷数計,在庫数,展示品数,出荷準備中数,在庫数計 ? ?111,test,11102,部門テスト1,1110201,,,,,,,,,,,,,,,,,,,,,,, ? ","","","","{\"AgentMode\": \"0\", \"AutoApprovalMode\": \"N\", \"content\": [{\"value\": \"高田　優祈音\", \"name\": \"従業員氏名\"}, {\"value\": \"0543956\", \"name\": \"社員番号\"}, {\"value\": \"イオンアイビス（株）\", \"name\": \"会社名称\"}, {\"value\": \"ＤＸシステム開発Ｇ\", \"name\": \"所属\"}]}","2023-11-02 10:44:10","0543956","2023-11-02 10:44:10","0543956","2","11637","ＤＸシステム開発Ｇ-0543956,真洲句 優祈音は2023-11-02 10:44で開始.","0","","702","0","@0543956,真洲句 優祈音@","真洲句 優祈音","2023-11-02","ＤＸシステム開発Ｇ","2023-11-02 10:44","0","2023-11-02 10:44","0543956","0543956","1","0","","","","","","","","2023-10-19 09:31:49","702","2023-10-19 09:31:49","0","0543956","0543956","2023-10"
"207","イオンアイビス（株）","ＤＸシステム開発Ｇ","0543956","高田　優祈音","在庫調整申請テスト（王）6","倉庫コード,倉庫名,部門コード,部門名,商品コード,品種名,メーカー名,型番,入荷日,ロットNo,原単価,売単価,取引先,仕入伝票No,販売期間,入荷数,単品追加数,単品削除数,入庫数計,出荷済数,ロス数,返品数,不良品数,出荷数計,在庫数,展示品数,出荷準備中数,在庫数計 ? ?111,test,11102,部門テスト1,1110201,,,,,,,,,,,,,,,,,,,,,,, ? ","","","","{\"AgentMode\": \"0\", \"AutoApprovalMode\": \"N\", \"content\": [{\"value\": \"高田　優祈音\", \"name\": \"従業員氏名\"}, {\"value\": \"0543956\", \"name\": \"社員番号\"}, {\"value\": \"イオンアイビス（株）\", \"name\": \"会社名称\"}, {\"value\": \"ＤＸシステム開発Ｇ\", \"name\": \"所属\"}]}","2023-11-02 10:44:10","0543956","2023-11-02 10:44:10","0543956","2","11637","ＤＸシステム開発Ｇ-0543956,真洲句 優祈音は2023-11-02 10:44で開始.","0","","702","0","@0543956,真洲句 優祈音@","真洲句 優祈音","2023-11-02","ＤＸシステム開発Ｇ","2023-11-02 10:44","0","2023-11-02 10:44","0543956","0543956","1","0","","","","","","","","2023-10-19 09:31:49","702","2023-10-19 09:31:49","0","0543956","0543956","2023-10"
"208","イオンアイビス（株）","ＤＸシステム開発Ｇ","0543956","高田　優祈音","在庫調整申請テスト（王）7","倉庫コード,倉庫名,部門コード,部門名,商品コード,品種名,メーカー名,型番,入荷日,ロットNo,原単価,売単価,取引先,仕入伝票No,販売期間,入荷数,単品追加数,単品削除数,入庫数計,出荷済数,ロス数,返品数,不良品数,出荷数計,在庫数,展示品数,出荷準備中数,在庫数計 ? ?111,test,11102,部門テスト1,1110201,,,,,,,,,,,,,,,,,,,,,,, ? ","","","","{\"AgentMode\": \"0\", \"AutoApprovalMode\": \"N\", \"content\": [{\"value\": \"高田　優祈音\", \"name\": \"従業員氏名\"}, {\"value\": \"0543956\", \"name\": \"社員番号\"}, {\"value\": \"イオンアイビス（株）\", \"name\": \"会社名称\"}, {\"value\": \"ＤＸシステム開発Ｇ\", \"name\": \"所属\"}]}","2023-11-02 10:44:10","0543956","2023-11-02 10:44:10","0543956","2","11637","ＤＸシステム開発Ｇ-0543956,真洲句 優祈音は2023-11-02 10:44で開始.","0","","702","0","@0543956,真洲句 優祈音@","真洲句 優祈音","2023-11-02","ＤＸシステム開発Ｇ","2023-11-02 10:44","0","2023-11-02 10:44","0543956","0543956","1","0","","","","","","","","2023-10-19 09:31:49","702","2023-10-19 09:31:49","0","0543956","0543956","2023-10"
"209","イオンアイビス（株）","ＤＸシステム開発Ｇ","0543956","高田　優祈音","在庫調整申請テスト（王）8","倉庫コード,倉庫名,部門コード,部門名,商品コード,品種名,メーカー名,型番,入荷日,ロットNo,原単価,売単価,取引先,仕入伝票No,販売期間,入荷数,単品追加数,単品削除数,入庫数計,出荷済数,ロス数,返品数,不良品数,出荷数計,在庫数,展示品数,出荷準備中数,在庫数計 ? ?111,test,11102,部門テスト1,1110201,,,,,,,,,,,,,,,,,,,,,,, ? ","","","","{\"AgentMode\": \"0\", \"AutoApprovalMode\": \"N\", \"content\": [{\"value\": \"高田　優祈音\", \"name\": \"従業員氏名\"}, {\"value\": \"0543956\", \"name\": \"社員番号\"}, {\"value\": \"イオンアイビス（株）\", \"name\": \"会社名称\"}, {\"value\": \"ＤＸシステム開発Ｇ\", \"name\": \"所属\"}]}","2023-11-02 10:44:10","0543956","2023-11-02 10:44:10","0543956","2","11637","ＤＸシステム開発Ｇ-0543956,真洲句 優祈音は2023-11-02 10:44で開始.","0","","702","0","@0543956,真洲句 優祈音@","真洲句 優祈音","2023-11-02","ＤＸシステム開発Ｇ","2023-11-02 10:44","0","2023-11-02 10:44","0543956","0543956","1","0","","","","","","","","2023-10-19 09:31:49","702","2023-10-19 09:31:49","0","0543956","0543956","2023-10"
"210","イオンアイビス（株）","ＤＸシステム開発Ｇ","0543956","高田　優祈音","在庫調整申請テスト（王）9","倉庫コード,倉庫名,部門コード,部門名,商品コード,品種名,メーカー名,型番,入荷日,ロットNo,原単価,売単価,取引先,仕入伝票No,販売期間,入荷数,単品追加数,単品削除数,入庫数計,出荷済数,ロス数,返品数,不良品数,出荷数計,在庫数,展示品数,出荷準備中数,在庫数計 ? ?111,test,11102,部門テスト1,1110201,,,,,,,,,,,,,,,,,,,,,,, ? ","","","","{\"AgentMode\": \"0\", \"AutoApprovalMode\": \"N\", \"content\": [{\"value\": \"高田　優祈音\", \"name\": \"従業員氏名\"}, {\"value\": \"0543956\", \"name\": \"社員番号\"}, {\"value\": \"イオンアイビス（株）\", \"name\": \"会社名称\"}, {\"value\": \"ＤＸシステム開発Ｇ\", \"name\": \"所属\"}]}","2023-11-02 10:44:10","0543956","2023-11-02 10:44:10","0543956","2","11637","ＤＸシステム開発Ｇ-0543956,真洲句 優祈音は2023-11-02 10:44で開始.","0","","702","0","@0543956,真洲句 優祈音@","真洲句 優祈音","2023-11-02","ＤＸシステム開発Ｇ","2023-11-02 10:44","0","2023-11-02 10:44","0543956","0543956","1","0","","","","","","","","2023-10-19 09:31:49","702","2023-10-19 09:31:49","0","0543956","0543956","2023-10"
"211","イオンアイビス（株）","ＤＸシステム開発Ｇ","0543956","高田　優祈音","在庫調整申請テスト（王）10","倉庫コード,倉庫名,部門コード,部門名,商品コード,品種名,メーカー名,型番,入荷日,ロットNo,原単価,売単価,取引先,仕入伝票No,販売期間,入荷数,単品追加数,単品削除数,入庫数計,出荷済数,ロス数,返品数,不良品数,出荷数計,在庫数,展示品数,出荷準備中数,在庫数計 ? ?111,test,11102,部門テスト1,1110201,,,,,,,,,,,,,,,,,,,,,,, ? ","","","","{\"AgentMode\": \"0\", \"AutoApprovalMode\": \"N\", \"content\": [{\"value\": \"高田　優祈音\", \"name\": \"従業員氏名\"}, {\"value\": \"0543956\", \"name\": \"社員番号\"}, {\"value\": \"イオンアイビス（株）\", \"name\": \"会社名称\"}, {\"value\": \"ＤＸシステム開発Ｇ\", \"name\": \"所属\"}]}","2023-11-02 10:44:10","0543956","2023-11-02 10:44:10","0543956","2","11637","ＤＸシステム開発Ｇ-0543956,真洲句 優祈音は2023-11-02 10:44で開始.","0","","702","0","@0543956,真洲句 優祈音@","真洲句 優祈音","2023-11-02","ＤＸシステム開発Ｇ","2023-11-02 10:44","0","2023-11-02 10:44","0543956","0543956","1","0","","","","","","","","2023-10-19 09:31:49","702","2023-10-19 09:31:49","0","0543956","0543956","2023-10"
"212","イオンアイビス（株）","ＤＸシステム開発Ｇ","0543956","高田　優祈音","在庫調整申請テスト（王）11","倉庫コード,倉庫名,部門コード,部門名,商品コード,品種名,メーカー名,型番,入荷日,ロットNo,原単価,売単価,取引先,仕入伝票No,販売期間,入荷数,単品追加数,単品削除数,入庫数計,出荷済数,ロス数,返品数,不良品数,出荷数計,在庫数,展示品数,出荷準備中数,在庫数計 ? ?111,test,11102,部門テスト1,1110201,,,,,,,,,,,,,,,,,,,,,,, ? ","","","","{\"AgentMode\": \"0\", \"AutoApprovalMode\": \"N\", \"content\": [{\"value\": \"高田　優祈音\", \"name\": \"従業員氏名\"}, {\"value\": \"0543956\", \"name\": \"社員番号\"}, {\"value\": \"イオンアイビス（株）\", \"name\": \"会社名称\"}, {\"value\": \"ＤＸシステム開発Ｇ\", \"name\": \"所属\"}]}","2023-11-02 10:44:10","0543956","2023-11-02 10:44:10","0543956","2","11637","ＤＸシステム開発Ｇ-0543956,真洲句 優祈音は2023-11-02 10:44で開始.","0","","702","0","@0543956,真洲句 優祈音@","真洲句 優祈音","2023-11-02","ＤＸシステム開発Ｇ","2023-11-02 10:44","0","2023-11-02 10:44","0543956","0543956","1","0","","","","","","","","2023-10-19 09:31:49","702","2023-10-19 09:31:49","0","0543956","0543956","2023-10"
"213","イオンアイビス（株）","ＤＸシステム開発Ｇ","0543956","高田　優祈音","在庫調整申請テスト（王）12","倉庫コード,倉庫名,部門コード,部門名,商品コード,品種名,メーカー名,型番,入荷日,ロットNo,原単価,売単価,取引先,仕入伝票No,販売期間,入荷数,単品追加数,単品削除数,入庫数計,出荷済数,ロス数,返品数,不良品数,出荷数計,在庫数,展示品数,出荷準備中数,在庫数計 ? ?111,test,11102,部門テスト1,1110201,,,,,,,,,,,,,,,,,,,,,,, ? ","","","","{\"AgentMode\": \"0\", \"AutoApprovalMode\": \"N\", \"content\": [{\"value\": \"高田　優祈音\", \"name\": \"従業員氏名\"}, {\"value\": \"0543956\", \"name\": \"社員番号\"}, {\"value\": \"イオンアイビス（株）\", \"name\": \"会社名称\"}, {\"value\": \"ＤＸシステム開発Ｇ\", \"name\": \"所属\"}]}","2023-11-02 10:44:10","0543956","2023-11-02 10:44:10","0543956","2","11637","ＤＸシステム開発Ｇ-0543956,真洲句 優祈音は2023-11-02 10:44で開始.","0","","702","0","@0543956,真洲句 優祈音@","真洲句 優祈音","2023-11-02","ＤＸシステム開発Ｇ","2023-11-02 10:44","0","2023-11-02 10:44","0543956","0543956","1","0","","","","","","","","2023-10-19 09:31:49","702","2023-10-19 09:31:49","0","0543956","0543956","2023-10"
"214","イオンアイビス（株）","ＤＸシステム開発Ｇ","0543956","高田　優祈音","在庫調整申請テスト（王）13","倉庫コード,倉庫名,部門コード,部門名,商品コード,品種名,メーカー名,型番,入荷日,ロットNo,原単価,売単価,取引先,仕入伝票No,販売期間,入荷数,単品追加数,単品削除数,入庫数計,出荷済数,ロス数,返品数,不良品数,出荷数計,在庫数,展示品数,出荷準備中数,在庫数計 ? ?111,test,11102,部門テスト1,1110201,,,,,,,,,,,,,,,,,,,,,,, ? ","","","","{\"AgentMode\": \"0\", \"AutoApprovalMode\": \"N\", \"content\": [{\"value\": \"高田　優祈音\", \"name\": \"従業員氏名\"}, {\"value\": \"0543956\", \"name\": \"社員番号\"}, {\"value\": \"イオンアイビス（株）\", \"name\": \"会社名称\"}, {\"value\": \"ＤＸシステム開発Ｇ\", \"name\": \"所属\"}]}","2023-11-02 10:44:10","0543956","2023-11-02 10:44:10","0543956","2","11637","ＤＸシステム開発Ｇ-0543956,真洲句 優祈音は2023-11-02 10:44で開始.","0","","702","0","@0543956,真洲句 優祈音@","真洲句 優祈音","2023-11-02","ＤＸシステム開発Ｇ","2023-11-02 10:44","0","2023-11-02 10:44","0543956","0543956","1","0","","","","","","","","2023-10-19 09:31:49","702","2023-10-19 09:31:49","0","0543956","0543956","2023-10"
"215","イオンアイビス（株）","ＤＸシステム開発Ｇ","0543956","高田　優祈音","在庫調整申請テスト（王）14","倉庫コード,倉庫名,部門コード,部門名,商品コード,品種名,メーカー名,型番,入荷日,ロットNo,原単価,売単価,取引先,仕入伝票No,販売期間,入荷数,単品追加数,単品削除数,入庫数計,出荷済数,ロス数,返品数,不良品数,出荷数計,在庫数,展示品数,出荷準備中数,在庫数計 ? ?111,test,11102,部門テスト1,1110201,,,,,,,,,,,,,,,,,,,,,,, ? ","","","","{\"AgentMode\": \"0\", \"AutoApprovalMode\": \"N\", \"content\": [{\"value\": \"高田　優祈音\", \"name\": \"従業員氏名\"}, {\"value\": \"0543956\", \"name\": \"社員番号\"}, {\"value\": \"イオンアイビス（株）\", \"name\": \"会社名称\"}, {\"value\": \"ＤＸシステム開発Ｇ\", \"name\": \"所属\"}]}","2023-11-02 10:44:10","0543956","2023-11-02 10:44:10","0543956","2","11637","ＤＸシステム開発Ｇ-0543956,真洲句 優祈音は2023-11-02 10:44で開始.","0","","702","0","@0543956,真洲句 優祈音@","真洲句 優祈音","2023-11-02","ＤＸシステム開発Ｇ","2023-11-02 10:44","0","2023-11-02 10:44","0543956","0543956","1","0","","","","","","","","2023-10-19 09:31:49","702","2023-10-19 09:31:49","0","0543956","0543956","2023-10"
"216","イオンアイビス（株）","ＤＸシステム開発Ｇ","0543956","高田　優祈音","在庫調整申請テスト（王）15","倉庫コード,倉庫名,部門コード,部門名,商品コード,品種名,メーカー名,型番,入荷日,ロットNo,原単価,売単価,取引先,仕入伝票No,販売期間,入荷数,単品追加数,単品削除数,入庫数計,出荷済数,ロス数,返品数,不良品数,出荷数計,在庫数,展示品数,出荷準備中数,在庫数計 ? ?111,test,11102,部門テスト1,1110201,,,,,,,,,,,,,,,,,,,,,,, ? ","","","","{\"AgentMode\": \"0\", \"AutoApprovalMode\": \"N\", \"content\": [{\"value\": \"高田　優祈音\", \"name\": \"従業員氏名\"}, {\"value\": \"0543956\", \"name\": \"社員番号\"}, {\"value\": \"イオンアイビス（株）\", \"name\": \"会社名称\"}, {\"value\": \"ＤＸシステム開発Ｇ\", \"name\": \"所属\"}]}","2023-11-02 10:44:10","0543956","2023-11-02 10:44:10","0543956","2","11637","ＤＸシステム開発Ｇ-0543956,真洲句 優祈音は2023-11-02 10:44で開始.","0","","702","0","@0543956,真洲句 優祈音@","真洲句 優祈音","2023-11-02","ＤＸシステム開発Ｇ","2023-11-02 10:44","0","2023-11-02 10:44","0543956","0543956","1","0","","","","","","","","2023-10-19 09:31:49","702","2023-10-19 09:31:49","0","0543956","0543956","2023-10"
"217","イオンアイビス（株）","ＤＸシステム開発Ｇ","0543956","高田　優祈音","在庫調整申請テスト（王）16","倉庫コード,倉庫名,部門コード,部門名,商品コード,品種名,メーカー名,型番,入荷日,ロットNo,原単価,売単価,取引先,仕入伝票No,販売期間,入荷数,単品追加数,単品削除数,入庫数計,出荷済数,ロス数,返品数,不良品数,出荷数計,在庫数,展示品数,出荷準備中数,在庫数計 ? ?111,test,11102,部門テスト1,1110201,,,,,,,,,,,,,,,,,,,,,,, ? ","","","","{\"AgentMode\": \"0\", \"AutoApprovalMode\": \"N\", \"content\": [{\"value\": \"高田　優祈音\", \"name\": \"従業員氏名\"}, {\"value\": \"0543956\", \"name\": \"社員番号\"}, {\"value\": \"イオンアイビス（株）\", \"name\": \"会社名称\"}, {\"value\": \"ＤＸシステム開発Ｇ\", \"name\": \"所属\"}]}","2023-11-02 10:44:10","0543956","2023-11-02 10:44:10","0543956","2","11637","ＤＸシステム開発Ｇ-0543956,真洲句 優祈音は2023-11-02 10:44で開始.","0","","702","0","@0543956,真洲句 優祈音@","真洲句 優祈音","2023-11-02","ＤＸシステム開発Ｇ","2023-11-02 10:44","0","2023-11-02 10:44","0543956","0543956","1","0","","","","","","","","2023-10-19 09:31:49","702","2023-10-19 09:31:49","0","0543956","0543956","2023-10"
"218","イオンアイビス（株）","ＤＸシステム開発Ｇ","0543956","高田　優祈音","在庫調整申請テスト（王）17","倉庫コード,倉庫名,部門コード,部門名,商品コード,品種名,メーカー名,型番,入荷日,ロットNo,原単価,売単価,取引先,仕入伝票No,販売期間,入荷数,単品追加数,単品削除数,入庫数計,出荷済数,ロス数,返品数,不良品数,出荷数計,在庫数,展示品数,出荷準備中数,在庫数計 ? ?111,test,11102,部門テスト1,1110201,,,,,,,,,,,,,,,,,,,,,,, ? ","","","","{\"AgentMode\": \"0\", \"AutoApprovalMode\": \"N\", \"content\": [{\"value\": \"高田　優祈音\", \"name\": \"従業員氏名\"}, {\"value\": \"0543956\", \"name\": \"社員番号\"}, {\"value\": \"イオンアイビス（株）\", \"name\": \"会社名称\"}, {\"value\": \"ＤＸシステム開発Ｇ\", \"name\": \"所属\"}]}","2023-11-02 10:44:10","0543956","2023-11-02 10:44:10","0543956","2","11637","ＤＸシステム開発Ｇ-0543956,真洲句 優祈音は2023-11-02 10:44で開始.","0","","702","0","@0543956,真洲句 優祈音@","真洲句 優祈音","2023-11-02","ＤＸシステム開発Ｇ","2023-11-02 10:44","0","2023-11-02 10:44","0543956","0543956","1","0","","","","","","","","2023-10-19 09:31:49","702","2023-10-19 09:31:49","0","0543956","0543956","2023-10"
"219","イオンアイビス（株）","ＤＸシステム開発Ｇ","0543956","高田　優祈音","在庫調整申請テスト（王）18","倉庫コード,倉庫名,部門コード,部門名,商品コード,品種名,メーカー名,型番,入荷日,ロットNo,原単価,売単価,取引先,仕入伝票No,販売期間,入荷数,単品追加数,単品削除数,入庫数計,出荷済数,ロス数,返品数,不良品数,出荷数計,在庫数,展示品数,出荷準備中数,在庫数計 ? ?111,test,11102,部門テスト1,1110201,,,,,,,,,,,,,,,,,,,,,,, ? ","","","","{\"AgentMode\": \"0\", \"AutoApprovalMode\": \"N\", \"content\": [{\"value\": \"高田　優祈音\", \"name\": \"従業員氏名\"}, {\"value\": \"0543956\", \"name\": \"社員番号\"}, {\"value\": \"イオンアイビス（株）\", \"name\": \"会社名称\"}, {\"value\": \"ＤＸシステム開発Ｇ\", \"name\": \"所属\"}]}","2023-11-02 10:44:10","0543956","2023-11-02 10:44:10","0543956","2","11637","ＤＸシステム開発Ｇ-0543956,真洲句 優祈音は2023-11-02 10:44で開始.","0","","702","0","@0543956,真洲句 優祈音@","真洲句 優祈音","2023-11-02","ＤＸシステム開発Ｇ","2023-11-02 10:44","0","2023-11-02 10:44","0543956","0543956","1","0","","","","","","","","2023-10-19 09:31:49","702","2023-10-19 09:31:49","0","0543956","0543956","2023-10"
"220","イオンアイビス（株）","ＤＸシステム開発Ｇ","0543956","高田　優祈音","在庫調整申請テスト（王）19","倉庫コード,倉庫名,部門コード,部門名,商品コード,品種名,メーカー名,型番,入荷日,ロットNo,原単価,売単価,取引先,仕入伝票No,販売期間,入荷数,単品追加数,単品削除数,入庫数計,出荷済数,ロス数,返品数,不良品数,出荷数計,在庫数,展示品数,出荷準備中数,在庫数計 ? ?111,test,11102,部門テスト1,1110201,,,,,,,,,,,,,,,,,,,,,,, ? ","","","","{\"AgentMode\": \"0\", \"AutoApprovalMode\": \"N\", \"content\": [{\"value\": \"高田　優祈音\", \"name\": \"従業員氏名\"}, {\"value\": \"0543956\", \"name\": \"社員番号\"}, {\"value\": \"イオンアイビス（株）\", \"name\": \"会社名称\"}, {\"value\": \"ＤＸシステム開発Ｇ\", \"name\": \"所属\"}]}","2023-11-02 10:44:10","0543956","2023-11-02 10:44:10","0543956","2","11637","ＤＸシステム開発Ｇ-0543956,真洲句 優祈音は2023-11-02 10:44で開始.","0","","702","0","@0543956,真洲句 優祈音@","真洲句 優祈音","2023-11-02","ＤＸシステム開発Ｇ","2023-11-02 10:44","0","2023-11-02 10:44","0543956","0543956","1","0","","","","","","","","2023-10-19 09:31:49","702","2023-10-19 09:31:49","0","0543956","0543956","2023-10"
"221","イオンアイビス（株）","ＤＸシステム開発Ｇ","0543956","高田　優祈音","在庫調整申請テスト（王）20","倉庫コード,倉庫名,部門コード,部門名,商品コード,品種名,メーカー名,型番,入荷日,ロットNo,原単価,売単価,取引先,仕入伝票No,販売期間,入荷数,単品追加数,単品削除数,入庫数計,出荷済数,ロス数,返品数,不良品数,出荷数計,在庫数,展示品数,出荷準備中数,在庫数計 ? ?111,test,11102,部門テスト1,1110201,,,,,,,,,,,,,,,,,,,,,,, ? ","","","","{\"AgentMode\": \"0\", \"AutoApprovalMode\": \"N\", \"content\": [{\"value\": \"高田　優祈音\", \"name\": \"従業員氏名\"}, {\"value\": \"0543956\", \"name\": \"社員番号\"}, {\"value\": \"イオンアイビス（株）\", \"name\": \"会社名称\"}, {\"value\": \"ＤＸシステム開発Ｇ\", \"name\": \"所属\"}]}","2023-11-02 10:44:10","0543956","2023-11-02 10:44:10","0543956","2","11637","ＤＸシステム開発Ｇ-0543956,真洲句 優祈音は2023-11-02 10:44で開始.","0","","702","0","@0543956,真洲句 優祈音@","真洲句 優祈音","2023-11-02","ＤＸシステム開発Ｇ","2023-11-02 10:44","0","2023-11-02 10:44","0543956","0543956","1","0","","","","","","","","2023-10-19 09:31:49","702","2023-10-19 09:31:49","0","0543956","0543956","2023-10"
"222","イオンアイビス（株）","ＤＸシステム開発Ｇ","0543956","高田　優祈音","在庫調整申請テスト（王）21","倉庫コード,倉庫名,部門コード,部門名,商品コード,品種名,メーカー名,型番,入荷日,ロットNo,原単価,売単価,取引先,仕入伝票No,販売期間,入荷数,単品追加数,単品削除数,入庫数計,出荷済数,ロス数,返品数,不良品数,出荷数計,在庫数,展示品数,出荷準備中数,在庫数計 ? ?111,test,11102,部門テスト1,1110201,,,,,,,,,,,,,,,,,,,,,,, ? ","","","","{\"AgentMode\": \"0\", \"AutoApprovalMode\": \"N\", \"content\": [{\"value\": \"高田　優祈音\", \"name\": \"従業員氏名\"}, {\"value\": \"0543956\", \"name\": \"社員番号\"}, {\"value\": \"イオンアイビス（株）\", \"name\": \"会社名称\"}, {\"value\": \"ＤＸシステム開発Ｇ\", \"name\": \"所属\"}]}","2023-11-02 10:44:10","0543956","2023-11-02 10:44:10","0543956","2","11637","ＤＸシステム開発Ｇ-0543956,真洲句 優祈音は2023-11-02 10:44で開始.","0","","702","0","@0543956,真洲句 優祈音@","真洲句 優祈音","2023-11-02","ＤＸシステム開発Ｇ","2023-11-02 10:44","0","2023-11-02 10:44","0543956","0543956","1","0","","","","","","","","2023-10-19 09:31:49","702","2023-10-19 09:31:49","0","0543956","0543956","2023-10"
"223","イオンアイビス（株）","ＤＸシステム開発Ｇ","0543956","高田　優祈音","在庫調整申請テスト（王）22","倉庫コード,倉庫名,部門コード,部門名,商品コード,品種名,メーカー名,型番,入荷日,ロットNo,原単価,売単価,取引先,仕入伝票No,販売期間,入荷数,単品追加数,単品削除数,入庫数計,出荷済数,ロス数,返品数,不良品数,出荷数計,在庫数,展示品数,出荷準備中数,在庫数計 ? ?111,test,11102,部門テスト1,1110201,,,,,,,,,,,,,,,,,,,,,,, ? ","","","","{\"AgentMode\": \"0\", \"AutoApprovalMode\": \"N\", \"content\": [{\"value\": \"高田　優祈音\", \"name\": \"従業員氏名\"}, {\"value\": \"0543956\", \"name\": \"社員番号\"}, {\"value\": \"イオンアイビス（株）\", \"name\": \"会社名称\"}, {\"value\": \"ＤＸシステム開発Ｇ\", \"name\": \"所属\"}]}","2023-11-02 10:44:10","0543956","2023-11-02 10:44:10","0543956","2","11637","ＤＸシステム開発Ｇ-0543956,真洲句 優祈音は2023-11-02 10:44で開始.","0","","702","0","@0543956,真洲句 優祈音@","真洲句 優祈音","2023-11-02","ＤＸシステム開発Ｇ","2023-11-02 10:44","0","2023-11-02 10:44","0543956","0543956","1","0","","","","","","","","2023-10-19 09:31:49","702","2023-10-19 09:31:49","0","0543956","0543956","2023-10"
"224","イオンアイビス（株）","ＤＸシステム開発Ｇ","0543956","高田　優祈音","在庫調整申請テスト（王）23","倉庫コード,倉庫名,部門コード,部門名,商品コード,品種名,メーカー名,型番,入荷日,ロットNo,原単価,売単価,取引先,仕入伝票No,販売期間,入荷数,単品追加数,単品削除数,入庫数計,出荷済数,ロス数,返品数,不良品数,出荷数計,在庫数,展示品数,出荷準備中数,在庫数計 ? ?111,test,11102,部門テスト1,1110201,,,,,,,,,,,,,,,,,,,,,,, ? ","","","","{\"AgentMode\": \"0\", \"AutoApprovalMode\": \"N\", \"content\": [{\"value\": \"高田　優祈音\", \"name\": \"従業員氏名\"}, {\"value\": \"0543956\", \"name\": \"社員番号\"}, {\"value\": \"イオンアイビス（株）\", \"name\": \"会社名称\"}, {\"value\": \"ＤＸシステム開発Ｇ\", \"name\": \"所属\"}]}","2023-11-02 10:44:10","0543956","2023-11-02 10:44:10","0543956","2","11637","ＤＸシステム開発Ｇ-0543956,真洲句 優祈音は2023-11-02 10:44で開始.","0","","702","0","@0543956,真洲句 優祈音@","真洲句 優祈音","2023-11-02","ＤＸシステム開発Ｇ","2023-11-02 10:44","0","2023-11-02 10:44","0543956","0543956","1","0","","","","","","","","2023-10-19 09:31:49","702","2023-10-19 09:31:49","0","0543956","0543956","2023-10"
"225","イオンアイビス（株）","ＤＸシステム開発Ｇ","0543956","高田　優祈音","在庫調整申請テスト（王）24","倉庫コード,倉庫名,部門コード,部門名,商品コード,品種名,メーカー名,型番,入荷日,ロットNo,原単価,売単価,取引先,仕入伝票No,販売期間,入荷数,単品追加数,単品削除数,入庫数計,出荷済数,ロス数,返品数,不良品数,出荷数計,在庫数,展示品数,出荷準備中数,在庫数計 ? ?111,test,11102,部門テスト1,1110201,,,,,,,,,,,,,,,,,,,,,,, ? ","","","","{\"AgentMode\": \"0\", \"AutoApprovalMode\": \"N\", \"content\": [{\"value\": \"高田　優祈音\", \"name\": \"従業員氏名\"}, {\"value\": \"0543956\", \"name\": \"社員番号\"}, {\"value\": \"イオンアイビス（株）\", \"name\": \"会社名称\"}, {\"value\": \"ＤＸシステム開発Ｇ\", \"name\": \"所属\"}]}","2023-11-02 10:44:10","0543956","2023-11-02 10:44:10","0543956","2","11637","ＤＸシステム開発Ｇ-0543956,真洲句 優祈音は2023-11-02 10:44で開始.","0","","702","0","@0543956,真洲句 優祈音@","真洲句 優祈音","2023-11-02","ＤＸシステム開発Ｇ","2023-11-02 10:44","0","2023-11-02 10:44","0543956","0543956","1","0","","","","","","","","2023-10-19 09:31:49","702","2023-10-19 09:31:49","0","0543956","0543956","2023-10"
"226","イオンアイビス（株）","ＤＸシステム開発Ｇ","0543956","高田　優祈音","在庫調整申請テスト（王）25","倉庫コード,倉庫名,部門コード,部門名,商品コード,品種名,メーカー名,型番,入荷日,ロットNo,原単価,売単価,取引先,仕入伝票No,販売期間,入荷数,単品追加数,単品削除数,入庫数計,出荷済数,ロス数,返品数,不良品数,出荷数計,在庫数,展示品数,出荷準備中数,在庫数計 ? ?111,test,11102,部門テスト1,1110201,,,,,,,,,,,,,,,,,,,,,,, ? ","","","","{\"AgentMode\": \"0\", \"AutoApprovalMode\": \"N\", \"content\": [{\"value\": \"高田　優祈音\", \"name\": \"従業員氏名\"}, {\"value\": \"0543956\", \"name\": \"社員番号\"}, {\"value\": \"イオンアイビス（株）\", \"name\": \"会社名称\"}, {\"value\": \"ＤＸシステム開発Ｇ\", \"name\": \"所属\"}]}","2023-11-02 10:44:10","0543956","2023-11-02 10:44:10","0543956","2","11637","ＤＸシステム開発Ｇ-0543956,真洲句 優祈音は2023-11-02 10:44で開始.","0","","702","0","@0543956,真洲句 優祈音@","真洲句 優祈音","2023-11-02","ＤＸシステム開発Ｇ","2023-11-02 10:44","0","2023-11-02 10:44","0543956","0543956","1","0","","","","","","","","2023-10-19 09:31:49","702","2023-10-19 09:31:49","0","0543956","0543956","2023-10"
"227","イオンアイビス（株）","ＤＸシステム開発Ｇ","0543956","高田　優祈音","在庫調整申請テスト（王）26","倉庫コード,倉庫名,部門コード,部門名,商品コード,品種名,メーカー名,型番,入荷日,ロットNo,原単価,売単価,取引先,仕入伝票No,販売期間,入荷数,単品追加数,単品削除数,入庫数計,出荷済数,ロス数,返品数,不良品数,出荷数計,在庫数,展示品数,出荷準備中数,在庫数計 ? ?111,test,11102,部門テスト1,1110201,,,,,,,,,,,,,,,,,,,,,,, ? ","","","","{\"AgentMode\": \"0\", \"AutoApprovalMode\": \"N\", \"content\": [{\"value\": \"高田　優祈音\", \"name\": \"従業員氏名\"}, {\"value\": \"0543956\", \"name\": \"社員番号\"}, {\"value\": \"イオンアイビス（株）\", \"name\": \"会社名称\"}, {\"value\": \"ＤＸシステム開発Ｇ\", \"name\": \"所属\"}]}","2023-11-02 10:44:10","0543956","2023-11-02 10:44:10","0543956","2","11637","ＤＸシステム開発Ｇ-0543956,真洲句 優祈音は2023-11-02 10:44で開始.","0","","702","0","@0543956,真洲句 優祈音@","真洲句 優祈音","2023-11-02","ＤＸシステム開発Ｇ","2023-11-02 10:44","0","2023-11-02 10:44","0543956","0543956","1","0","","","","","","","","2023-10-19 09:31:49","702","2023-10-19 09:31:49","0","0543956","0543956","2023-10"
"228","イオンアイビス（株）","ＤＸシステム開発Ｇ","0543956","高田　優祈音","在庫調整申請テスト（王）27","倉庫コード,倉庫名,部門コード,部門名,商品コード,品種名,メーカー名,型番,入荷日,ロットNo,原単価,売単価,取引先,仕入伝票No,販売期間,入荷数,単品追加数,単品削除数,入庫数計,出荷済数,ロス数,返品数,不良品数,出荷数計,在庫数,展示品数,出荷準備中数,在庫数計 ? ?111,test,11102,部門テスト1,1110201,,,,,,,,,,,,,,,,,,,,,,, ? ","","","","{\"AgentMode\": \"0\", \"AutoApprovalMode\": \"N\", \"content\": [{\"value\": \"高田　優祈音\", \"name\": \"従業員氏名\"}, {\"value\": \"0543956\", \"name\": \"社員番号\"}, {\"value\": \"イオンアイビス（株）\", \"name\": \"会社名称\"}, {\"value\": \"ＤＸシステム開発Ｇ\", \"name\": \"所属\"}]}","2023-11-02 10:44:10","0543956","2023-11-02 10:44:10","0543956","2","11637","ＤＸシステム開発Ｇ-0543956,真洲句 優祈音は2023-11-02 10:44で開始.","0","","702","0","@0543956,真洲句 優祈音@","真洲句 優祈音","2023-11-02","ＤＸシステム開発Ｇ","2023-11-02 10:44","0","2023-11-02 10:44","0543956","0543956","1","0","","","","","","","","2023-10-19 09:31:49","702","2023-10-19 09:31:49","0","0543956","0543956","2023-10"
"229","イオンアイビス（株）","ＤＸシステム開発Ｇ","0543956","高田　優祈音","在庫調整申請テスト（王）28","倉庫コード,倉庫名,部門コード,部門名,商品コード,品種名,メーカー名,型番,入荷日,ロットNo,原単価,売単価,取引先,仕入伝票No,販売期間,入荷数,単品追加数,単品削除数,入庫数計,出荷済数,ロス数,返品数,不良品数,出荷数計,在庫数,展示品数,出荷準備中数,在庫数計 ? ?111,test,11102,部門テスト1,1110201,,,,,,,,,,,,,,,,,,,,,,, ? ","","","","{\"AgentMode\": \"0\", \"AutoApprovalMode\": \"N\", \"content\": [{\"value\": \"高田　優祈音\", \"name\": \"従業員氏名\"}, {\"value\": \"0543956\", \"name\": \"社員番号\"}, {\"value\": \"イオンアイビス（株）\", \"name\": \"会社名称\"}, {\"value\": \"ＤＸシステム開発Ｇ\", \"name\": \"所属\"}]}","2023-11-02 10:44:10","0543956","2023-11-02 10:44:10","0543956","2","11637","ＤＸシステム開発Ｇ-0543956,真洲句 優祈音は2023-11-02 10:44で開始.","0","","702","0","@0543956,真洲句 優祈音@","真洲句 優祈音","2023-11-02","ＤＸシステム開発Ｇ","2023-11-02 10:44","0","2023-11-02 10:44","0543956","0543956","1","0","","","","","","","","2023-10-19 09:31:49","702","2023-10-19 09:31:49","0","0543956","0543956","2023-10"
"230","イオンアイビス（株）","ＤＸシステム開発Ｇ","0543956","高田　優祈音","在庫調整申請テスト（王）29","倉庫コード,倉庫名,部門コード,部門名,商品コード,品種名,メーカー名,型番,入荷日,ロットNo,原単価,売単価,取引先,仕入伝票No,販売期間,入荷数,単品追加数,単品削除数,入庫数計,出荷済数,ロス数,返品数,不良品数,出荷数計,在庫数,展示品数,出荷準備中数,在庫数計 ? ?111,test,11102,部門テスト1,1110201,,,,,,,,,,,,,,,,,,,,,,, ? ","","","","{\"AgentMode\": \"0\", \"AutoApprovalMode\": \"N\", \"content\": [{\"value\": \"高田　優祈音\", \"name\": \"従業員氏名\"}, {\"value\": \"0543956\", \"name\": \"社員番号\"}, {\"value\": \"イオンアイビス（株）\", \"name\": \"会社名称\"}, {\"value\": \"ＤＸシステム開発Ｇ\", \"name\": \"所属\"}]}","2023-11-02 10:44:10","0543956","2023-11-02 10:44:10","0543956","2","11637","ＤＸシステム開発Ｇ-0543956,真洲句 優祈音は2023-11-02 10:44で開始.","0","","702","0","@0543956,真洲句 優祈音@","真洲句 優祈音","2023-11-02","ＤＸシステム開発Ｇ","2023-11-02 10:44","0","2023-11-02 10:44","0543956","0543956","1","0","","","","","","","","2023-10-19 09:31:49","702","2023-10-19 09:31:49","0","0543956","0543956","2023-10"
"231","イオンアイビス（株）","ＤＸシステム開発Ｇ","0543956","高田　優祈音","在庫調整申請テスト（王）30","倉庫コード,倉庫名,部門コード,部門名,商品コード,品種名,メーカー名,型番,入荷日,ロットNo,原単価,売単価,取引先,仕入伝票No,販売期間,入荷数,単品追加数,単品削除数,入庫数計,出荷済数,ロス数,返品数,不良品数,出荷数計,在庫数,展示品数,出荷準備中数,在庫数計 ? ?111,test,11102,部門テスト1,1110201,,,,,,,,,,,,,,,,,,,,,,, ? ","","","","{\"AgentMode\": \"0\", \"AutoApprovalMode\": \"N\", \"content\": [{\"value\": \"高田　優祈音\", \"name\": \"従業員氏名\"}, {\"value\": \"0543956\", \"name\": \"社員番号\"}, {\"value\": \"イオンアイビス（株）\", \"name\": \"会社名称\"}, {\"value\": \"ＤＸシステム開発Ｇ\", \"name\": \"所属\"}]}","2023-11-02 10:44:10","0543956","2023-11-02 10:44:10","0543956","2","11637","ＤＸシステム開発Ｇ-0543956,真洲句 優祈音は2023-11-02 10:44で開始.","0","","702","0","@0543956,真洲句 優祈音@","真洲句 優祈音","2023-11-02","ＤＸシステム開発Ｇ","2023-11-02 10:44","0","2023-11-02 10:44","0543956","0543956","1","0","","","","","","","","2023-10-19 09:31:49","702","2023-10-19 09:31:49","0","0543956","0543956","2023-10"
"232","イオンアイビス（株）","ＤＸシステム開発Ｇ","0543956","高田　優祈音","在庫調整申請テスト（王）31","倉庫コード,倉庫名,部門コード,部門名,商品コード,品種名,メーカー名,型番,入荷日,ロットNo,原単価,売単価,取引先,仕入伝票No,販売期間,入荷数,単品追加数,単品削除数,入庫数計,出荷済数,ロス数,返品数,不良品数,出荷数計,在庫数,展示品数,出荷準備中数,在庫数計 ? ?111,test,11102,部門テスト1,1110201,,,,,,,,,,,,,,,,,,,,,,, ? ","","","","{\"AgentMode\": \"0\", \"AutoApprovalMode\": \"N\", \"content\": [{\"value\": \"高田　優祈音\", \"name\": \"従業員氏名\"}, {\"value\": \"0543956\", \"name\": \"社員番号\"}, {\"value\": \"イオンアイビス（株）\", \"name\": \"会社名称\"}, {\"value\": \"ＤＸシステム開発Ｇ\", \"name\": \"所属\"}]}","2023-11-02 10:44:10","0543956","2023-11-02 10:44:10","0543956","2","11637","ＤＸシステム開発Ｇ-0543956,真洲句 優祈音は2023-11-02 10:44で開始.","0","","702","0","@0543956,真洲句 優祈音@","真洲句 優祈音","2023-11-02","ＤＸシステム開発Ｇ","2023-11-02 10:44","0","2023-11-02 10:44","0543956","0543956","1","0","","","","","","","","2023-10-19 09:31:49","702","2023-10-19 09:31:49","0","0543956","0543956","2023-10"
"233","イオンアイビス（株）","ＤＸシステム開発Ｇ","0543956","高田　優祈音","在庫調整申請テスト（王）32","倉庫コード,倉庫名,部門コード,部門名,商品コード,品種名,メーカー名,型番,入荷日,ロットNo,原単価,売単価,取引先,仕入伝票No,販売期間,入荷数,単品追加数,単品削除数,入庫数計,出荷済数,ロス数,返品数,不良品数,出荷数計,在庫数,展示品数,出荷準備中数,在庫数計 ? ?111,test,11102,部門テスト1,1110201,,,,,,,,,,,,,,,,,,,,,,, ? ","","","","{\"AgentMode\": \"0\", \"AutoApprovalMode\": \"N\", \"content\": [{\"value\": \"高田　優祈音\", \"name\": \"従業員氏名\"}, {\"value\": \"0543956\", \"name\": \"社員番号\"}, {\"value\": \"イオンアイビス（株）\", \"name\": \"会社名称\"}, {\"value\": \"ＤＸシステム開発Ｇ\", \"name\": \"所属\"}]}","2023-11-02 10:44:10","0543956","2023-11-02 10:44:10","0543956","2","11637","ＤＸシステム開発Ｇ-0543956,真洲句 優祈音は2023-11-02 10:44で開始.","0","","702","0","@0543956,真洲句 優祈音@","真洲句 優祈音","2023-11-02","ＤＸシステム開発Ｇ","2023-11-02 10:44","0","2023-11-02 10:44","0543956","0543956","1","0","","","","","","","","2023-10-19 09:31:49","702","2023-10-19 09:31:49","0","0543956","0543956","2023-10"
"234","イオンアイビス（株）","ＤＸシステム開発Ｇ","0543956","高田　優祈音","在庫調整申請テスト（王）33","倉庫コード,倉庫名,部門コード,部門名,商品コード,品種名,メーカー名,型番,入荷日,ロットNo,原単価,売単価,取引先,仕入伝票No,販売期間,入荷数,単品追加数,単品削除数,入庫数計,出荷済数,ロス数,返品数,不良品数,出荷数計,在庫数,展示品数,出荷準備中数,在庫数計 ? ?111,test,11102,部門テスト1,1110201,,,,,,,,,,,,,,,,,,,,,,, ? ","","","","{\"AgentMode\": \"0\", \"AutoApprovalMode\": \"N\", \"content\": [{\"value\": \"高田　優祈音\", \"name\": \"従業員氏名\"}, {\"value\": \"0543956\", \"name\": \"社員番号\"}, {\"value\": \"イオンアイビス（株）\", \"name\": \"会社名称\"}, {\"value\": \"ＤＸシステム開発Ｇ\", \"name\": \"所属\"}]}","2023-11-02 10:44:10","0543956","2023-11-02 10:44:10","0543956","2","11637","ＤＸシステム開発Ｇ-0543956,真洲句 優祈音は2023-11-02 10:44で開始.","0","","702","0","@0543956,真洲句 優祈音@","真洲句 優祈音","2023-11-02","ＤＸシステム開発Ｇ","2023-11-02 10:44","0","2023-11-02 10:44","0543956","0543956","1","0","","","","","","","","2023-10-19 09:31:49","702","2023-10-19 09:31:49","0","0543956","0543956","2023-10"
"235","イオンアイビス（株）","ＤＸシステム開発Ｇ","0543956","高田　優祈音","在庫調整申請テスト（王）34","倉庫コード,倉庫名,部門コード,部門名,商品コード,品種名,メーカー名,型番,入荷日,ロットNo,原単価,売単価,取引先,仕入伝票No,販売期間,入荷数,単品追加数,単品削除数,入庫数計,出荷済数,ロス数,返品数,不良品数,出荷数計,在庫数,展示品数,出荷準備中数,在庫数計 ? ?111,test,11102,部門テスト1,1110201,,,,,,,,,,,,,,,,,,,,,,, ? ","","","","{\"AgentMode\": \"0\", \"AutoApprovalMode\": \"N\", \"content\": [{\"value\": \"高田　優祈音\", \"name\": \"従業員氏名\"}, {\"value\": \"0543956\", \"name\": \"社員番号\"}, {\"value\": \"イオンアイビス（株）\", \"name\": \"会社名称\"}, {\"value\": \"ＤＸシステム開発Ｇ\", \"name\": \"所属\"}]}","2023-11-02 10:44:10","0543956","2023-11-02 10:44:10","0543956","2","11637","ＤＸシステム開発Ｇ-0543956,真洲句 優祈音は2023-11-02 10:44で開始.","0","","702","0","@0543956,真洲句 優祈音@","真洲句 優祈音","2023-11-02","ＤＸシステム開発Ｇ","2023-11-02 10:44","0","2023-11-02 10:44","0543956","0543956","1","0","","","","","","","","2023-10-19 09:31:49","702","2023-10-19 09:31:49","0","0543956","0543956","2023-10"
"236","イオンアイビス（株）","ＤＸシステム開発Ｇ","0543956","高田　優祈音","在庫調整申請テスト（王）35","倉庫コード,倉庫名,部門コード,部門名,商品コード,品種名,メーカー名,型番,入荷日,ロットNo,原単価,売単価,取引先,仕入伝票No,販売期間,入荷数,単品追加数,単品削除数,入庫数計,出荷済数,ロス数,返品数,不良品数,出荷数計,在庫数,展示品数,出荷準備中数,在庫数計 ? ?111,test,11102,部門テスト1,1110201,,,,,,,,,,,,,,,,,,,,,,, ? ","","","","{\"AgentMode\": \"0\", \"AutoApprovalMode\": \"N\", \"content\": [{\"value\": \"高田　優祈音\", \"name\": \"従業員氏名\"}, {\"value\": \"0543956\", \"name\": \"社員番号\"}, {\"value\": \"イオンアイビス（株）\", \"name\": \"会社名称\"}, {\"value\": \"ＤＸシステム開発Ｇ\", \"name\": \"所属\"}]}","2023-11-02 10:44:10","0543956","2023-11-02 10:44:10","0543956","2","11637","ＤＸシステム開発Ｇ-0543956,真洲句 優祈音は2023-11-02 10:44で開始.","0","","702","0","@0543956,真洲句 優祈音@","真洲句 優祈音","2023-11-02","ＤＸシステム開発Ｇ","2023-11-02 10:44","0","2023-11-02 10:44","0543956","0543956","1","0","","","","","","","","2023-10-19 09:31:49","702","2023-10-19 09:31:49","0","0543956","0543956","2023-10"
"237","イオンアイビス（株）","ＤＸシステム開発Ｇ","0543956","高田　優祈音","在庫調整申請テスト（王）36","倉庫コード,倉庫名,部門コード,部門名,商品コード,品種名,メーカー名,型番,入荷日,ロットNo,原単価,売単価,取引先,仕入伝票No,販売期間,入荷数,単品追加数,単品削除数,入庫数計,出荷済数,ロス数,返品数,不良品数,出荷数計,在庫数,展示品数,出荷準備中数,在庫数計 ? ?111,test,11102,部門テスト1,1110201,,,,,,,,,,,,,,,,,,,,,,, ? ","","","","{\"AgentMode\": \"0\", \"AutoApprovalMode\": \"N\", \"content\": [{\"value\": \"高田　優祈音\", \"name\": \"従業員氏名\"}, {\"value\": \"0543956\", \"name\": \"社員番号\"}, {\"value\": \"イオンアイビス（株）\", \"name\": \"会社名称\"}, {\"value\": \"ＤＸシステム開発Ｇ\", \"name\": \"所属\"}]}","2023-11-02 10:44:10","0543956","2023-11-02 10:44:10","0543956","2","11637","ＤＸシステム開発Ｇ-0543956,真洲句 優祈音は2023-11-02 10:44で開始.","0","","702","0","@0543956,真洲句 優祈音@","真洲句 優祈音","2023-11-02","ＤＸシステム開発Ｇ","2023-11-02 10:44","0","2023-11-02 10:44","0543956","0543956","1","0","","","","","","","","2023-10-19 09:31:49","702","2023-10-19 09:31:49","0","0543956","0543956","2023-10"
"238","イオンアイビス（株）","ＤＸシステム開発Ｇ","0543956","高田　優祈音","在庫調整申請テスト（王）37","倉庫コード,倉庫名,部門コード,部門名,商品コード,品種名,メーカー名,型番,入荷日,ロットNo,原単価,売単価,取引先,仕入伝票No,販売期間,入荷数,単品追加数,単品削除数,入庫数計,出荷済数,ロス数,返品数,不良品数,出荷数計,在庫数,展示品数,出荷準備中数,在庫数計 ? ?111,test,11102,部門テスト1,1110201,,,,,,,,,,,,,,,,,,,,,,, ? ","","","","{\"AgentMode\": \"0\", \"AutoApprovalMode\": \"N\", \"content\": [{\"value\": \"高田　優祈音\", \"name\": \"従業員氏名\"}, {\"value\": \"0543956\", \"name\": \"社員番号\"}, {\"value\": \"イオンアイビス（株）\", \"name\": \"会社名称\"}, {\"value\": \"ＤＸシステム開発Ｇ\", \"name\": \"所属\"}]}","2023-11-02 10:44:10","0543956","2023-11-02 10:44:10","0543956","2","11637","ＤＸシステム開発Ｇ-0543956,真洲句 優祈音は2023-11-02 10:44で開始.","0","","702","0","@0543956,真洲句 優祈音@","真洲句 優祈音","2023-11-02","ＤＸシステム開発Ｇ","2023-11-02 10:44","0","2023-11-02 10:44","0543956","0543956","1","0","","","","","","","","2023-10-19 09:31:49","702","2023-10-19 09:31:49","0","0543956","0543956","2023-10"
"239","イオンアイビス（株）","ＤＸシステム開発Ｇ","0543956","高田　優祈音","在庫調整申請テスト（王）38","倉庫コード,倉庫名,部門コード,部門名,商品コード,品種名,メーカー名,型番,入荷日,ロットNo,原単価,売単価,取引先,仕入伝票No,販売期間,入荷数,単品追加数,単品削除数,入庫数計,出荷済数,ロス数,返品数,不良品数,出荷数計,在庫数,展示品数,出荷準備中数,在庫数計 ? ?111,test,11102,部門テスト1,1110201,,,,,,,,,,,,,,,,,,,,,,, ? ","","","","{\"AgentMode\": \"0\", \"AutoApprovalMode\": \"N\", \"content\": [{\"value\": \"高田　優祈音\", \"name\": \"従業員氏名\"}, {\"value\": \"0543956\", \"name\": \"社員番号\"}, {\"value\": \"イオンアイビス（株）\", \"name\": \"会社名称\"}, {\"value\": \"ＤＸシステム開発Ｇ\", \"name\": \"所属\"}]}","2023-11-02 10:44:10","0543956","2023-11-02 10:44:10","0543956","2","11637","ＤＸシステム開発Ｇ-0543956,真洲句 優祈音は2023-11-02 10:44で開始.","0","","702","0","@0543956,真洲句 優祈音@","真洲句 優祈音","2023-11-02","ＤＸシステム開発Ｇ","2023-11-02 10:44","0","2023-11-02 10:44","0543956","0543956","1","0","","","","","","","","2023-10-19 09:31:49","702","2023-10-19 09:31:49","0","0543956","0543956","2023-10"
"240","イオンアイビス（株）","ＤＸシステム開発Ｇ","0543956","高田　優祈音","在庫調整申請テスト（王）39","倉庫コード,倉庫名,部門コード,部門名,商品コード,品種名,メーカー名,型番,入荷日,ロットNo,原単価,売単価,取引先,仕入伝票No,販売期間,入荷数,単品追加数,単品削除数,入庫数計,出荷済数,ロス数,返品数,不良品数,出荷数計,在庫数,展示品数,出荷準備中数,在庫数計 ? ?111,test,11102,部門テスト1,1110201,,,,,,,,,,,,,,,,,,,,,,, ? ","","","","{\"AgentMode\": \"0\", \"AutoApprovalMode\": \"N\", \"content\": [{\"value\": \"高田　優祈音\", \"name\": \"従業員氏名\"}, {\"value\": \"0543956\", \"name\": \"社員番号\"}, {\"value\": \"イオンアイビス（株）\", \"name\": \"会社名称\"}, {\"value\": \"ＤＸシステム開発Ｇ\", \"name\": \"所属\"}]}","2023-11-02 10:44:10","0543956","2023-11-02 10:44:10","0543956","2","11637","ＤＸシステム開発Ｇ-0543956,真洲句 優祈音は2023-11-02 10:44で開始.","0","","702","0","@0543956,真洲句 優祈音@","真洲句 優祈音","2023-11-02","ＤＸシステム開発Ｇ","2023-11-02 10:44","0","2023-11-02 10:44","0543956","0543956","1","0","","","","","","","","2023-10-19 09:31:49","702","2023-10-19 09:31:49","0","0543956","0543956","2023-10"
"241","イオンアイビス（株）","ＤＸシステム開発Ｇ","0543956","高田　優祈音","在庫調整申請テスト（王）40","倉庫コード,倉庫名,部門コード,部門名,商品コード,品種名,メーカー名,型番,入荷日,ロットNo,原単価,売単価,取引先,仕入伝票No,販売期間,入荷数,単品追加数,単品削除数,入庫数計,出荷済数,ロス数,返品数,不良品数,出荷数計,在庫数,展示品数,出荷準備中数,在庫数計 ? ?111,test,11102,部門テスト1,1110201,,,,,,,,,,,,,,,,,,,,,,, ? ","","","","{\"AgentMode\": \"0\", \"AutoApprovalMode\": \"N\", \"content\": [{\"value\": \"高田　優祈音\", \"name\": \"従業員氏名\"}, {\"value\": \"0543956\", \"name\": \"社員番号\"}, {\"value\": \"イオンアイビス（株）\", \"name\": \"会社名称\"}, {\"value\": \"ＤＸシステム開発Ｇ\", \"name\": \"所属\"}]}","2023-11-02 10:44:10","0543956","2023-11-02 10:44:10","0543956","2","11637","ＤＸシステム開発Ｇ-0543956,真洲句 優祈音は2023-11-02 10:44で開始.","0","","702","0","@0543956,真洲句 優祈音@","真洲句 優祈音","2023-11-02","ＤＸシステム開発Ｇ","2023-11-02 10:44","0","2023-11-02 10:44","0543956","0543956","1","0","","","","","","","","2023-10-19 09:31:49","702","2023-10-19 09:31:49","0","0543956","0543956","2023-10"
"242","イオンアイビス（株）","ＤＸシステム開発Ｇ","0543956","高田　優祈音","在庫調整申請テスト（王）41","倉庫コード,倉庫名,部門コード,部門名,商品コード,品種名,メーカー名,型番,入荷日,ロットNo,原単価,売単価,取引先,仕入伝票No,販売期間,入荷数,単品追加数,単品削除数,入庫数計,出荷済数,ロス数,返品数,不良品数,出荷数計,在庫数,展示品数,出荷準備中数,在庫数計 ? ?111,test,11102,部門テスト1,1110201,,,,,,,,,,,,,,,,,,,,,,, ? ","","","","{\"AgentMode\": \"0\", \"AutoApprovalMode\": \"N\", \"content\": [{\"value\": \"高田　優祈音\", \"name\": \"従業員氏名\"}, {\"value\": \"0543956\", \"name\": \"社員番号\"}, {\"value\": \"イオンアイビス（株）\", \"name\": \"会社名称\"}, {\"value\": \"ＤＸシステム開発Ｇ\", \"name\": \"所属\"}]}","2023-11-02 10:44:10","0543956","2023-11-02 10:44:10","0543956","2","11637","ＤＸシステム開発Ｇ-0543956,真洲句 優祈音は2023-11-02 10:44で開始.","0","","702","0","@0543956,真洲句 優祈音@","真洲句 優祈音","2023-11-02","ＤＸシステム開発Ｇ","2023-11-02 10:44","0","2023-11-02 10:44","0543956","0543956","1","0","","","","","","","","2023-10-19 09:31:49","702","2023-10-19 09:31:49","0","0543956","0543956","2023-10"
"243","イオンアイビス（株）","ＤＸシステム開発Ｇ","0543956","高田　優祈音","在庫調整申請テスト（王）42","倉庫コード,倉庫名,部門コード,部門名,商品コード,品種名,メーカー名,型番,入荷日,ロットNo,原単価,売単価,取引先,仕入伝票No,販売期間,入荷数,単品追加数,単品削除数,入庫数計,出荷済数,ロス数,返品数,不良品数,出荷数計,在庫数,展示品数,出荷準備中数,在庫数計 ? ?111,test,11102,部門テスト1,1110201,,,,,,,,,,,,,,,,,,,,,,, ? ","","","","{\"AgentMode\": \"0\", \"AutoApprovalMode\": \"N\", \"content\": [{\"value\": \"高田　優祈音\", \"name\": \"従業員氏名\"}, {\"value\": \"0543956\", \"name\": \"社員番号\"}, {\"value\": \"イオンアイビス（株）\", \"name\": \"会社名称\"}, {\"value\": \"ＤＸシステム開発Ｇ\", \"name\": \"所属\"}]}","2023-11-02 10:44:10","0543956","2023-11-02 10:44:10","0543956","2","11637","ＤＸシステム開発Ｇ-0543956,真洲句 優祈音は2023-11-02 10:44で開始.","0","","702","0","@0543956,真洲句 優祈音@","真洲句 優祈音","2023-11-02","ＤＸシステム開発Ｇ","2023-11-02 10:44","0","2023-11-02 10:44","0543956","0543956","1","0","","","","","","","","2023-10-19 09:31:49","702","2023-10-19 09:31:49","0","0543956","0543956","2023-10"
"244","イオンアイビス（株）","ＤＸシステム開発Ｇ","0543956","高田　優祈音","在庫調整申請テスト（王）43","倉庫コード,倉庫名,部門コード,部門名,商品コード,品種名,メーカー名,型番,入荷日,ロットNo,原単価,売単価,取引先,仕入伝票No,販売期間,入荷数,単品追加数,単品削除数,入庫数計,出荷済数,ロス数,返品数,不良品数,出荷数計,在庫数,展示品数,出荷準備中数,在庫数計 ? ?111,test,11102,部門テスト1,1110201,,,,,,,,,,,,,,,,,,,,,,, ? ","","","","{\"AgentMode\": \"0\", \"AutoApprovalMode\": \"N\", \"content\": [{\"value\": \"高田　優祈音\", \"name\": \"従業員氏名\"}, {\"value\": \"0543956\", \"name\": \"社員番号\"}, {\"value\": \"イオンアイビス（株）\", \"name\": \"会社名称\"}, {\"value\": \"ＤＸシステム開発Ｇ\", \"name\": \"所属\"}]}","2023-11-02 10:44:10","0543956","2023-11-02 10:44:10","0543956","2","11637","ＤＸシステム開発Ｇ-0543956,真洲句 優祈音は2023-11-02 10:44で開始.","0","","702","0","@0543956,真洲句 優祈音@","真洲句 優祈音","2023-11-02","ＤＸシステム開発Ｇ","2023-11-02 10:44","0","2023-11-02 10:44","0543956","0543956","1","0","","","","","","","","2023-10-19 09:31:49","702","2023-10-19 09:31:49","0","0543956","0543956","2023-10"
"245","イオンアイビス（株）","ＤＸシステム開発Ｇ","0543956","高田　優祈音","在庫調整申請テスト（王）44","倉庫コード,倉庫名,部門コード,部門名,商品コード,品種名,メーカー名,型番,入荷日,ロットNo,原単価,売単価,取引先,仕入伝票No,販売期間,入荷数,単品追加数,単品削除数,入庫数計,出荷済数,ロス数,返品数,不良品数,出荷数計,在庫数,展示品数,出荷準備中数,在庫数計 ? ?111,test,11102,部門テスト1,1110201,,,,,,,,,,,,,,,,,,,,,,, ? ","","","","{\"AgentMode\": \"0\", \"AutoApprovalMode\": \"N\", \"content\": [{\"value\": \"高田　優祈音\", \"name\": \"従業員氏名\"}, {\"value\": \"0543956\", \"name\": \"社員番号\"}, {\"value\": \"イオンアイビス（株）\", \"name\": \"会社名称\"}, {\"value\": \"ＤＸシステム開発Ｇ\", \"name\": \"所属\"}]}","2023-11-02 10:44:10","0543956","2023-11-02 10:44:10","0543956","2","11637","ＤＸシステム開発Ｇ-0543956,真洲句 優祈音は2023-11-02 10:44で開始.","0","","702","0","@0543956,真洲句 優祈音@","真洲句 優祈音","2023-11-02","ＤＸシステム開発Ｇ","2023-11-02 10:44","0","2023-11-02 10:44","0543956","0543956","1","0","","","","","","","","2023-10-19 09:31:49","702","2023-10-19 09:31:49","0","0543956","0543956","2023-10"
"246","イオンアイビス（株）","ＤＸシステム開発Ｇ","0543956","高田　優祈音","在庫調整申請テスト（王）45","倉庫コード,倉庫名,部門コード,部門名,商品コード,品種名,メーカー名,型番,入荷日,ロットNo,原単価,売単価,取引先,仕入伝票No,販売期間,入荷数,単品追加数,単品削除数,入庫数計,出荷済数,ロス数,返品数,不良品数,出荷数計,在庫数,展示品数,出荷準備中数,在庫数計 ? ?111,test,11102,部門テスト1,1110201,,,,,,,,,,,,,,,,,,,,,,, ? ","","","","{\"AgentMode\": \"0\", \"AutoApprovalMode\": \"N\", \"content\": [{\"value\": \"高田　優祈音\", \"name\": \"従業員氏名\"}, {\"value\": \"0543956\", \"name\": \"社員番号\"}, {\"value\": \"イオンアイビス（株）\", \"name\": \"会社名称\"}, {\"value\": \"ＤＸシステム開発Ｇ\", \"name\": \"所属\"}]}","2023-11-02 10:44:10","0543956","2023-11-02 10:44:10","0543956","2","11637","ＤＸシステム開発Ｇ-0543956,真洲句 優祈音は2023-11-02 10:44で開始.","0","","702","0","@0543956,真洲句 優祈音@","真洲句 優祈音","2023-11-02","ＤＸシステム開発Ｇ","2023-11-02 10:44","0","2023-11-02 10:44","0543956","0543956","1","0","","","","","","","","2023-10-19 09:31:49","702","2023-10-19 09:31:49","0","0543956","0543956","2023-10"
"247","イオンアイビス（株）","ＤＸシステム開発Ｇ","0543956","高田　優祈音","在庫調整申請テスト（王）46","倉庫コード,倉庫名,部門コード,部門名,商品コード,品種名,メーカー名,型番,入荷日,ロットNo,原単価,売単価,取引先,仕入伝票No,販売期間,入荷数,単品追加数,単品削除数,入庫数計,出荷済数,ロス数,返品数,不良品数,出荷数計,在庫数,展示品数,出荷準備中数,在庫数計 ? ?111,test,11102,部門テスト1,1110201,,,,,,,,,,,,,,,,,,,,,,, ? ","","","","{\"AgentMode\": \"0\", \"AutoApprovalMode\": \"N\", \"content\": [{\"value\": \"高田　優祈音\", \"name\": \"従業員氏名\"}, {\"value\": \"0543956\", \"name\": \"社員番号\"}, {\"value\": \"イオンアイビス（株）\", \"name\": \"会社名称\"}, {\"value\": \"ＤＸシステム開発Ｇ\", \"name\": \"所属\"}]}","2023-11-02 10:44:10","0543956","2023-11-02 10:44:10","0543956","2","11637","ＤＸシステム開発Ｇ-0543956,真洲句 優祈音は2023-11-02 10:44で開始.","0","","702","0","@0543956,真洲句 優祈音@","真洲句 優祈音","2023-11-02","ＤＸシステム開発Ｇ","2023-11-02 10:44","0","2023-11-02 10:44","0543956","0543956","1","0","","","","","","","","2023-10-19 09:31:49","702","2023-10-19 09:31:49","0","0543956","0543956","2023-10"
"248","イオンアイビス（株）","ＤＸシステム開発Ｇ","0543956","高田　優祈音","在庫調整申請テスト（王）47","倉庫コード,倉庫名,部門コード,部門名,商品コード,品種名,メーカー名,型番,入荷日,ロットNo,原単価,売単価,取引先,仕入伝票No,販売期間,入荷数,単品追加数,単品削除数,入庫数計,出荷済数,ロス数,返品数,不良品数,出荷数計,在庫数,展示品数,出荷準備中数,在庫数計 ? ?111,test,11102,部門テスト1,1110201,,,,,,,,,,,,,,,,,,,,,,, ? ","","","","{\"AgentMode\": \"0\", \"AutoApprovalMode\": \"N\", \"content\": [{\"value\": \"高田　優祈音\", \"name\": \"従業員氏名\"}, {\"value\": \"0543956\", \"name\": \"社員番号\"}, {\"value\": \"イオンアイビス（株）\", \"name\": \"会社名称\"}, {\"value\": \"ＤＸシステム開発Ｇ\", \"name\": \"所属\"}]}","2023-11-02 10:44:10","0543956","2023-11-02 10:44:10","0543956","2","11637","ＤＸシステム開発Ｇ-0543956,真洲句 優祈音は2023-11-02 10:44で開始.","0","","702","0","@0543956,真洲句 優祈音@","真洲句 優祈音","2023-11-02","ＤＸシステム開発Ｇ","2023-11-02 10:44","0","2023-11-02 10:44","0543956","0543956","1","0","","","","","","","","2023-10-19 09:31:49","702","2023-10-19 09:31:49","0","0543956","0543956","2023-10"
"249","イオンアイビス（株）","ＤＸシステム開発Ｇ","0543956","高田　優祈音","在庫調整申請テスト（王）48","倉庫コード,倉庫名,部門コード,部門名,商品コード,品種名,メーカー名,型番,入荷日,ロットNo,原単価,売単価,取引先,仕入伝票No,販売期間,入荷数,単品追加数,単品削除数,入庫数計,出荷済数,ロス数,返品数,不良品数,出荷数計,在庫数,展示品数,出荷準備中数,在庫数計 ? ?111,test,11102,部門テスト1,1110201,,,,,,,,,,,,,,,,,,,,,,, ? ","","","","{\"AgentMode\": \"0\", \"AutoApprovalMode\": \"N\", \"content\": [{\"value\": \"高田　優祈音\", \"name\": \"従業員氏名\"}, {\"value\": \"0543956\", \"name\": \"社員番号\"}, {\"value\": \"イオンアイビス（株）\", \"name\": \"会社名称\"}, {\"value\": \"ＤＸシステム開発Ｇ\", \"name\": \"所属\"}]}","2023-11-02 10:44:10","0543956","2023-11-02 10:44:10","0543956","2","11637","ＤＸシステム開発Ｇ-0543956,真洲句 優祈音は2023-11-02 10:44で開始.","0","","702","0","@0543956,真洲句 優祈音@","真洲句 優祈音","2023-11-02","ＤＸシステム開発Ｇ","2023-11-02 10:44","0","2023-11-02 10:44","0543956","0543956","1","0","","","","","","","","2023-10-19 09:31:49","702","2023-10-19 09:31:49","0","0543956","0543956","2023-10"
"250","イオンアイビス（株）","ＤＸシステム開発Ｇ","0543956","高田　優祈音","在庫調整申請テスト（王）49","倉庫コード,倉庫名,部門コード,部門名,商品コード,品種名,メーカー名,型番,入荷日,ロットNo,原単価,売単価,取引先,仕入伝票No,販売期間,入荷数,単品追加数,単品削除数,入庫数計,出荷済数,ロス数,返品数,不良品数,出荷数計,在庫数,展示品数,出荷準備中数,在庫数計 ? ?111,test,11102,部門テスト1,1110201,,,,,,,,,,,,,,,,,,,,,,, ? ","","","","{\"AgentMode\": \"0\", \"AutoApprovalMode\": \"N\", \"content\": [{\"value\": \"高田　優祈音\", \"name\": \"従業員氏名\"}, {\"value\": \"0543956\", \"name\": \"社員番号\"}, {\"value\": \"イオンアイビス（株）\", \"name\": \"会社名称\"}, {\"value\": \"ＤＸシステム開発Ｇ\", \"name\": \"所属\"}]}","2023-11-02 10:44:10","0543956","2023-11-02 10:44:10","0543956","2","11637","ＤＸシステム開発Ｇ-0543956,真洲句 優祈音は2023-11-02 10:44で開始.","0","","702","0","@0543956,真洲句 優祈音@","真洲句 優祈音","2023-11-02","ＤＸシステム開発Ｇ","2023-11-02 10:44","0","2023-11-02 10:44","0543956","0543956","1","0","","","","","","","","2023-10-19 09:31:49","702","2023-10-19 09:31:49","0","0543956","0543956","2023-10"
"251","イオンアイビス（株）","ＤＸシステム開発Ｇ","0543956","高田　優祈音","在庫調整申請テスト（王）50","倉庫コード,倉庫名,部門コード,部門名,商品コード,品種名,メーカー名,型番,入荷日,ロットNo,原単価,売単価,取引先,仕入伝票No,販売期間,入荷数,単品追加数,単品削除数,入庫数計,出荷済数,ロス数,返品数,不良品数,出荷数計,在庫数,展示品数,出荷準備中数,在庫数計 ? ?111,test,11102,部門テスト1,1110201,,,,,,,,,,,,,,,,,,,,,,, ? ","","","","{\"AgentMode\": \"0\", \"AutoApprovalMode\": \"N\", \"content\": [{\"value\": \"高田　優祈音\", \"name\": \"従業員氏名\"}, {\"value\": \"0543956\", \"name\": \"社員番号\"}, {\"value\": \"イオンアイビス（株）\", \"name\": \"会社名称\"}, {\"value\": \"ＤＸシステム開発Ｇ\", \"name\": \"所属\"}]}","2023-11-02 10:44:10","0543956","2023-11-02 10:44:10","0543956","2","11637","ＤＸシステム開発Ｇ-0543956,真洲句 優祈音は2023-11-02 10:44で開始.","0","","702","0","@0543956,真洲句 優祈音@","真洲句 優祈音","2023-11-02","ＤＸシステム開発Ｇ","2023-11-02 10:44","0","2023-11-02 10:44","0543956","0543956","1","0","","","","","","","","2023-10-19 09:31:49","702","2023-10-19 09:31:49","0","0543956","0543956","2023-10"
"252","イオンアイビス（株）","ＤＸシステム開発Ｇ","0543956","高田　優祈音","在庫調整申請テスト（王）51","倉庫コード,倉庫名,部門コード,部門名,商品コード,品種名,メーカー名,型番,入荷日,ロットNo,原単価,売単価,取引先,仕入伝票No,販売期間,入荷数,単品追加数,単品削除数,入庫数計,出荷済数,ロス数,返品数,不良品数,出荷数計,在庫数,展示品数,出荷準備中数,在庫数計 ? ?111,test,11102,部門テスト1,1110201,,,,,,,,,,,,,,,,,,,,,,, ? ","","","","{\"AgentMode\": \"0\", \"AutoApprovalMode\": \"N\", \"content\": [{\"value\": \"高田　優祈音\", \"name\": \"従業員氏名\"}, {\"value\": \"0543956\", \"name\": \"社員番号\"}, {\"value\": \"イオンアイビス（株）\", \"name\": \"会社名称\"}, {\"value\": \"ＤＸシステム開発Ｇ\", \"name\": \"所属\"}]}","2023-11-02 10:44:10","0543956","2023-11-02 10:44:10","0543956","2","11637","ＤＸシステム開発Ｇ-0543956,真洲句 優祈音は2023-11-02 10:44で開始.","0","","702","0","@0543956,真洲句 優祈音@","真洲句 優祈音","2023-11-02","ＤＸシステム開発Ｇ","2023-11-02 10:44","0","2023-11-02 10:44","0543956","0543956","1","0","","","","","","","","2023-10-19 09:31:49","702","2023-10-19 09:31:49","0","0543956","0543956","2023-10"
"253","イオンアイビス（株）","ＤＸシステム開発Ｇ","0543956","高田　優祈音","在庫調整申請テスト（王）52","倉庫コード,倉庫名,部門コード,部門名,商品コード,品種名,メーカー名,型番,入荷日,ロットNo,原単価,売単価,取引先,仕入伝票No,販売期間,入荷数,単品追加数,単品削除数,入庫数計,出荷済数,ロス数,返品数,不良品数,出荷数計,在庫数,展示品数,出荷準備中数,在庫数計 ? ?111,test,11102,部門テスト1,1110201,,,,,,,,,,,,,,,,,,,,,,, ? ","","","","{\"AgentMode\": \"0\", \"AutoApprovalMode\": \"N\", \"content\": [{\"value\": \"高田　優祈音\", \"name\": \"従業員氏名\"}, {\"value\": \"0543956\", \"name\": \"社員番号\"}, {\"value\": \"イオンアイビス（株）\", \"name\": \"会社名称\"}, {\"value\": \"ＤＸシステム開発Ｇ\", \"name\": \"所属\"}]}","2023-11-02 10:44:10","0543956","2023-11-02 10:44:10","0543956","2","11637","ＤＸシステム開発Ｇ-0543956,真洲句 優祈音は2023-11-02 10:44で開始.","0","","702","0","@0543956,真洲句 優祈音@","真洲句 優祈音","2023-11-02","ＤＸシステム開発Ｇ","2023-11-02 10:44","0","2023-11-02 10:44","0543956","0543956","1","0","","","","","","","","2023-10-19 09:31:49","702","2023-10-19 09:31:49","0","0543956","0543956","2023-10"
"254","イオンアイビス（株）","ＤＸシステム開発Ｇ","0543956","高田　優祈音","在庫調整申請テスト（王）53","倉庫コード,倉庫名,部門コード,部門名,商品コード,品種名,メーカー名,型番,入荷日,ロットNo,原単価,売単価,取引先,仕入伝票No,販売期間,入荷数,単品追加数,単品削除数,入庫数計,出荷済数,ロス数,返品数,不良品数,出荷数計,在庫数,展示品数,出荷準備中数,在庫数計 ? ?111,test,11102,部門テスト1,1110201,,,,,,,,,,,,,,,,,,,,,,, ? ","","","","{\"AgentMode\": \"0\", \"AutoApprovalMode\": \"N\", \"content\": [{\"value\": \"高田　優祈音\", \"name\": \"従業員氏名\"}, {\"value\": \"0543956\", \"name\": \"社員番号\"}, {\"value\": \"イオンアイビス（株）\", \"name\": \"会社名称\"}, {\"value\": \"ＤＸシステム開発Ｇ\", \"name\": \"所属\"}]}","2023-11-02 10:44:10","0543956","2023-11-02 10:44:10","0543956","2","11637","ＤＸシステム開発Ｇ-0543956,真洲句 優祈音は2023-11-02 10:44で開始.","0","","702","0","@0543956,真洲句 優祈音@","真洲句 優祈音","2023-11-02","ＤＸシステム開発Ｇ","2023-11-02 10:44","0","2023-11-02 10:44","0543956","0543956","1","0","","","","","","","","2023-10-19 09:31:49","702","2023-10-19 09:31:49","0","0543956","0543956","2023-10"
"255","イオンアイビス（株）","ＤＸシステム開発Ｇ","0543956","高田　優祈音","在庫調整申請テスト（王）54","倉庫コード,倉庫名,部門コード,部門名,商品コード,品種名,メーカー名,型番,入荷日,ロットNo,原単価,売単価,取引先,仕入伝票No,販売期間,入荷数,単品追加数,単品削除数,入庫数計,出荷済数,ロス数,返品数,不良品数,出荷数計,在庫数,展示品数,出荷準備中数,在庫数計 ? ?111,test,11102,部門テスト1,1110201,,,,,,,,,,,,,,,,,,,,,,, ? ","","","","{\"AgentMode\": \"0\", \"AutoApprovalMode\": \"N\", \"content\": [{\"value\": \"高田　優祈音\", \"name\": \"従業員氏名\"}, {\"value\": \"0543956\", \"name\": \"社員番号\"}, {\"value\": \"イオンアイビス（株）\", \"name\": \"会社名称\"}, {\"value\": \"ＤＸシステム開発Ｇ\", \"name\": \"所属\"}]}","2023-11-02 10:44:10","0543956","2023-11-02 10:44:10","0543956","2","11637","ＤＸシステム開発Ｇ-0543956,真洲句 優祈音は2023-11-02 10:44で開始.","0","","702","0","@0543956,真洲句 優祈音@","真洲句 優祈音","2023-11-02","ＤＸシステム開発Ｇ","2023-11-02 10:44","0","2023-11-02 10:44","0543956","0543956","1","0","","","","","","","","2023-10-19 09:31:49","702","2023-10-19 09:31:49","0","0543956","0543956","2023-10"
"256","イオンアイビス（株）","ＤＸシステム開発Ｇ","0543956","高田　優祈音","在庫調整申請テスト（王）55","倉庫コード,倉庫名,部門コード,部門名,商品コード,品種名,メーカー名,型番,入荷日,ロットNo,原単価,売単価,取引先,仕入伝票No,販売期間,入荷数,単品追加数,単品削除数,入庫数計,出荷済数,ロス数,返品数,不良品数,出荷数計,在庫数,展示品数,出荷準備中数,在庫数計 ? ?111,test,11102,部門テスト1,1110201,,,,,,,,,,,,,,,,,,,,,,, ? ","","","","{\"AgentMode\": \"0\", \"AutoApprovalMode\": \"N\", \"content\": [{\"value\": \"高田　優祈音\", \"name\": \"従業員氏名\"}, {\"value\": \"0543956\", \"name\": \"社員番号\"}, {\"value\": \"イオンアイビス（株）\", \"name\": \"会社名称\"}, {\"value\": \"ＤＸシステム開発Ｇ\", \"name\": \"所属\"}]}","2023-11-02 10:44:10","0543956","2023-11-02 10:44:10","0543956","2","11637","ＤＸシステム開発Ｇ-0543956,真洲句 優祈音は2023-11-02 10:44で開始.","0","","702","0","@0543956,真洲句 優祈音@","真洲句 優祈音","2023-11-02","ＤＸシステム開発Ｇ","2023-11-02 10:44","0","2023-11-02 10:44","0543956","0543956","1","0","","","","","","","","2023-10-19 09:31:49","702","2023-10-19 09:31:49","0","0543956","0543956","2023-10"
"257","イオンアイビス（株）","ＤＸシステム開発Ｇ","0543956","高田　優祈音","在庫調整申請テスト（王）56","倉庫コード,倉庫名,部門コード,部門名,商品コード,品種名,メーカー名,型番,入荷日,ロットNo,原単価,売単価,取引先,仕入伝票No,販売期間,入荷数,単品追加数,単品削除数,入庫数計,出荷済数,ロス数,返品数,不良品数,出荷数計,在庫数,展示品数,出荷準備中数,在庫数計 ? ?111,test,11102,部門テスト1,1110201,,,,,,,,,,,,,,,,,,,,,,, ? ","","","","{\"AgentMode\": \"0\", \"AutoApprovalMode\": \"N\", \"content\": [{\"value\": \"高田　優祈音\", \"name\": \"従業員氏名\"}, {\"value\": \"0543956\", \"name\": \"社員番号\"}, {\"value\": \"イオンアイビス（株）\", \"name\": \"会社名称\"}, {\"value\": \"ＤＸシステム開発Ｇ\", \"name\": \"所属\"}]}","2023-11-02 10:44:10","0543956","2023-11-02 10:44:10","0543956","2","11637","ＤＸシステム開発Ｇ-0543956,真洲句 優祈音は2023-11-02 10:44で開始.","0","","702","0","@0543956,真洲句 優祈音@","真洲句 優祈音","2023-11-02","ＤＸシステム開発Ｇ","2023-11-02 10:44","0","2023-11-02 10:44","0543956","0543956","1","0","","","","","","","","2023-10-19 09:31:49","702","2023-10-19 09:31:49","0","0543956","0543956","2023-10"
"258","イオンアイビス（株）","ＤＸシステム開発Ｇ","0543956","高田　優祈音","在庫調整申請テスト（王）57","倉庫コード,倉庫名,部門コード,部門名,商品コード,品種名,メーカー名,型番,入荷日,ロットNo,原単価,売単価,取引先,仕入伝票No,販売期間,入荷数,単品追加数,単品削除数,入庫数計,出荷済数,ロス数,返品数,不良品数,出荷数計,在庫数,展示品数,出荷準備中数,在庫数計 ? ?111,test,11102,部門テスト1,1110201,,,,,,,,,,,,,,,,,,,,,,, ? ","","","","{\"AgentMode\": \"0\", \"AutoApprovalMode\": \"N\", \"content\": [{\"value\": \"高田　優祈音\", \"name\": \"従業員氏名\"}, {\"value\": \"0543956\", \"name\": \"社員番号\"}, {\"value\": \"イオンアイビス（株）\", \"name\": \"会社名称\"}, {\"value\": \"ＤＸシステム開発Ｇ\", \"name\": \"所属\"}]}","2023-11-02 10:44:10","0543956","2023-11-02 10:44:10","0543956","2","11637","ＤＸシステム開発Ｇ-0543956,真洲句 優祈音は2023-11-02 10:44で開始.","0","","702","0","@0543956,真洲句 優祈音@","真洲句 優祈音","2023-11-02","ＤＸシステム開発Ｇ","2023-11-02 10:44","0","2023-11-02 10:44","0543956","0543956","1","0","","","","","","","","2023-10-19 09:31:49","702","2023-10-19 09:31:49","0","0543956","0543956","2023-10"
"259","イオンアイビス（株）","ＤＸシステム開発Ｇ","0543956","高田　優祈音","在庫調整申請テスト（王）58","倉庫コード,倉庫名,部門コード,部門名,商品コード,品種名,メーカー名,型番,入荷日,ロットNo,原単価,売単価,取引先,仕入伝票No,販売期間,入荷数,単品追加数,単品削除数,入庫数計,出荷済数,ロス数,返品数,不良品数,出荷数計,在庫数,展示品数,出荷準備中数,在庫数計 ? ?111,test,11102,部門テスト1,1110201,,,,,,,,,,,,,,,,,,,,,,, ? ","","","","{\"AgentMode\": \"0\", \"AutoApprovalMode\": \"N\", \"content\": [{\"value\": \"高田　優祈音\", \"name\": \"従業員氏名\"}, {\"value\": \"0543956\", \"name\": \"社員番号\"}, {\"value\": \"イオンアイビス（株）\", \"name\": \"会社名称\"}, {\"value\": \"ＤＸシステム開発Ｇ\", \"name\": \"所属\"}]}","2023-11-02 10:44:10","0543956","2023-11-02 10:44:10","0543956","2","11637","ＤＸシステム開発Ｇ-0543956,真洲句 優祈音は2023-11-02 10:44で開始.","0","","702","0","@0543956,真洲句 優祈音@","真洲句 優祈音","2023-11-02","ＤＸシステム開発Ｇ","2023-11-02 10:44","0","2023-11-02 10:44","0543956","0543956","1","0","","","","","","","","2023-10-19 09:31:49","702","2023-10-19 09:31:49","0","0543956","0543956","2023-10"
"260","イオンアイビス（株）","ＤＸシステム開発Ｇ","0543956","高田　優祈音","在庫調整申請テスト（王）59","倉庫コード,倉庫名,部門コード,部門名,商品コード,品種名,メーカー名,型番,入荷日,ロットNo,原単価,売単価,取引先,仕入伝票No,販売期間,入荷数,単品追加数,単品削除数,入庫数計,出荷済数,ロス数,返品数,不良品数,出荷数計,在庫数,展示品数,出荷準備中数,在庫数計 ? ?111,test,11102,部門テスト1,1110201,,,,,,,,,,,,,,,,,,,,,,, ? ","","","","{\"AgentMode\": \"0\", \"AutoApprovalMode\": \"N\", \"content\": [{\"value\": \"高田　優祈音\", \"name\": \"従業員氏名\"}, {\"value\": \"0543956\", \"name\": \"社員番号\"}, {\"value\": \"イオンアイビス（株）\", \"name\": \"会社名称\"}, {\"value\": \"ＤＸシステム開発Ｇ\", \"name\": \"所属\"}]}","2023-11-02 10:44:10","0543956","2023-11-02 10:44:10","0543956","2","11637","ＤＸシステム開発Ｇ-0543956,真洲句 優祈音は2023-11-02 10:44で開始.","0","","702","0","@0543956,真洲句 優祈音@","真洲句 優祈音","2023-11-02","ＤＸシステム開発Ｇ","2023-11-02 10:44","0","2023-11-02 10:44","0543956","0543956","1","0","","","","","","","","2023-10-19 09:31:49","702","2023-10-19 09:31:49","0","0543956","0543956","2023-10"
"261","イオンアイビス（株）","ＤＸシステム開発Ｇ","0543956","高田　優祈音","在庫調整申請テスト（王）60","倉庫コード,倉庫名,部門コード,部門名,商品コード,品種名,メーカー名,型番,入荷日,ロットNo,原単価,売単価,取引先,仕入伝票No,販売期間,入荷数,単品追加数,単品削除数,入庫数計,出荷済数,ロス数,返品数,不良品数,出荷数計,在庫数,展示品数,出荷準備中数,在庫数計 ? ?111,test,11102,部門テスト1,1110201,,,,,,,,,,,,,,,,,,,,,,, ? ","","","","{\"AgentMode\": \"0\", \"AutoApprovalMode\": \"N\", \"content\": [{\"value\": \"高田　優祈音\", \"name\": \"従業員氏名\"}, {\"value\": \"0543956\", \"name\": \"社員番号\"}, {\"value\": \"イオンアイビス（株）\", \"name\": \"会社名称\"}, {\"value\": \"ＤＸシステム開発Ｇ\", \"name\": \"所属\"}]}","2023-11-02 10:44:10","0543956","2023-11-02 10:44:10","0543956","2","11637","ＤＸシステム開発Ｇ-0543956,真洲句 優祈音は2023-11-02 10:44で開始.","0","","702","0","@0543956,真洲句 優祈音@","真洲句 優祈音","2023-11-02","ＤＸシステム開発Ｇ","2023-11-02 10:44","0","2023-11-02 10:44","0543956","0543956","1","0","","","","","","","","2023-10-19 09:31:49","702","2023-10-19 09:31:49","0","0543956","0543956","2023-10"
"262","イオンアイビス（株）","ＤＸシステム開発Ｇ","0543956","高田　優祈音","在庫調整申請テスト（王）61","倉庫コード,倉庫名,部門コード,部門名,商品コード,品種名,メーカー名,型番,入荷日,ロットNo,原単価,売単価,取引先,仕入伝票No,販売期間,入荷数,単品追加数,単品削除数,入庫数計,出荷済数,ロス数,返品数,不良品数,出荷数計,在庫数,展示品数,出荷準備中数,在庫数計 ? ?111,test,11102,部門テスト1,1110201,,,,,,,,,,,,,,,,,,,,,,, ? ","","","","{\"AgentMode\": \"0\", \"AutoApprovalMode\": \"N\", \"content\": [{\"value\": \"高田　優祈音\", \"name\": \"従業員氏名\"}, {\"value\": \"0543956\", \"name\": \"社員番号\"}, {\"value\": \"イオンアイビス（株）\", \"name\": \"会社名称\"}, {\"value\": \"ＤＸシステム開発Ｇ\", \"name\": \"所属\"}]}","2023-11-02 10:44:10","0543956","2023-11-02 10:44:10","0543956","2","11637","ＤＸシステム開発Ｇ-0543956,真洲句 優祈音は2023-11-02 10:44で開始.","0","","702","0","@0543956,真洲句 優祈音@","真洲句 優祈音","2023-11-02","ＤＸシステム開発Ｇ","2023-11-02 10:44","0","2023-11-02 10:44","0543956","0543956","1","0","","","","","","","","2023-10-19 09:31:49","702","2023-10-19 09:31:49","0","0543956","0543956","2023-10"
"263","イオンアイビス（株）","ＤＸシステム開発Ｇ","0543956","高田　優祈音","在庫調整申請テスト（王）62","倉庫コード,倉庫名,部門コード,部門名,商品コード,品種名,メーカー名,型番,入荷日,ロットNo,原単価,売単価,取引先,仕入伝票No,販売期間,入荷数,単品追加数,単品削除数,入庫数計,出荷済数,ロス数,返品数,不良品数,出荷数計,在庫数,展示品数,出荷準備中数,在庫数計 ? ?111,test,11102,部門テスト1,1110201,,,,,,,,,,,,,,,,,,,,,,, ? ","","","","{\"AgentMode\": \"0\", \"AutoApprovalMode\": \"N\", \"content\": [{\"value\": \"高田　優祈音\", \"name\": \"従業員氏名\"}, {\"value\": \"0543956\", \"name\": \"社員番号\"}, {\"value\": \"イオンアイビス（株）\", \"name\": \"会社名称\"}, {\"value\": \"ＤＸシステム開発Ｇ\", \"name\": \"所属\"}]}","2023-11-02 10:44:10","0543956","2023-11-02 10:44:10","0543956","2","11637","ＤＸシステム開発Ｇ-0543956,真洲句 優祈音は2023-11-02 10:44で開始.","0","","702","0","@0543956,真洲句 優祈音@","真洲句 優祈音","2023-11-02","ＤＸシステム開発Ｇ","2023-11-02 10:44","0","2023-11-02 10:44","0543956","0543956","1","0","","","","","","","","2023-10-19 09:31:49","702","2023-10-19 09:31:49","0","0543956","0543956","2023-10"
"264","イオンアイビス（株）","ＤＸシステム開発Ｇ","0543956","高田　優祈音","在庫調整申請テスト（王）63","倉庫コード,倉庫名,部門コード,部門名,商品コード,品種名,メーカー名,型番,入荷日,ロットNo,原単価,売単価,取引先,仕入伝票No,販売期間,入荷数,単品追加数,単品削除数,入庫数計,出荷済数,ロス数,返品数,不良品数,出荷数計,在庫数,展示品数,出荷準備中数,在庫数計 ? ?111,test,11102,部門テスト1,1110201,,,,,,,,,,,,,,,,,,,,,,, ? ","","","","{\"AgentMode\": \"0\", \"AutoApprovalMode\": \"N\", \"content\": [{\"value\": \"高田　優祈音\", \"name\": \"従業員氏名\"}, {\"value\": \"0543956\", \"name\": \"社員番号\"}, {\"value\": \"イオンアイビス（株）\", \"name\": \"会社名称\"}, {\"value\": \"ＤＸシステム開発Ｇ\", \"name\": \"所属\"}]}","2023-11-02 10:44:10","0543956","2023-11-02 10:44:10","0543956","2","11637","ＤＸシステム開発Ｇ-0543956,真洲句 優祈音は2023-11-02 10:44で開始.","0","","702","0","@0543956,真洲句 優祈音@","真洲句 優祈音","2023-11-02","ＤＸシステム開発Ｇ","2023-11-02 10:44","0","2023-11-02 10:44","0543956","0543956","1","0","","","","","","","","2023-10-19 09:31:49","702","2023-10-19 09:31:49","0","0543956","0543956","2023-10"
"265","イオンアイビス（株）","ＤＸシステム開発Ｇ","0543956","高田　優祈音","在庫調整申請テスト（王）64","倉庫コード,倉庫名,部門コード,部門名,商品コード,品種名,メーカー名,型番,入荷日,ロットNo,原単価,売単価,取引先,仕入伝票No,販売期間,入荷数,単品追加数,単品削除数,入庫数計,出荷済数,ロス数,返品数,不良品数,出荷数計,在庫数,展示品数,出荷準備中数,在庫数計 ? ?111,test,11102,部門テスト1,1110201,,,,,,,,,,,,,,,,,,,,,,, ? ","","","","{\"AgentMode\": \"0\", \"AutoApprovalMode\": \"N\", \"content\": [{\"value\": \"高田　優祈音\", \"name\": \"従業員氏名\"}, {\"value\": \"0543956\", \"name\": \"社員番号\"}, {\"value\": \"イオンアイビス（株）\", \"name\": \"会社名称\"}, {\"value\": \"ＤＸシステム開発Ｇ\", \"name\": \"所属\"}]}","2023-11-02 10:44:10","0543956","2023-11-02 10:44:10","0543956","2","11637","ＤＸシステム開発Ｇ-0543956,真洲句 優祈音は2023-11-02 10:44で開始.","0","","702","0","@0543956,真洲句 優祈音@","真洲句 優祈音","2023-11-02","ＤＸシステム開発Ｇ","2023-11-02 10:44","0","2023-11-02 10:44","0543956","0543956","1","0","","","","","","","","2023-10-19 09:31:49","702","2023-10-19 09:31:49","0","0543956","0543956","2023-10"
"266","イオンアイビス（株）","ＤＸシステム開発Ｇ","0543956","高田　優祈音","在庫調整申請テスト（王）65","倉庫コード,倉庫名,部門コード,部門名,商品コード,品種名,メーカー名,型番,入荷日,ロットNo,原単価,売単価,取引先,仕入伝票No,販売期間,入荷数,単品追加数,単品削除数,入庫数計,出荷済数,ロス数,返品数,不良品数,出荷数計,在庫数,展示品数,出荷準備中数,在庫数計 ? ?111,test,11102,部門テスト1,1110201,,,,,,,,,,,,,,,,,,,,,,, ? ","","","","{\"AgentMode\": \"0\", \"AutoApprovalMode\": \"N\", \"content\": [{\"value\": \"高田　優祈音\", \"name\": \"従業員氏名\"}, {\"value\": \"0543956\", \"name\": \"社員番号\"}, {\"value\": \"イオンアイビス（株）\", \"name\": \"会社名称\"}, {\"value\": \"ＤＸシステム開発Ｇ\", \"name\": \"所属\"}]}","2023-11-02 10:44:10","0543956","2023-11-02 10:44:10","0543956","2","11637","ＤＸシステム開発Ｇ-0543956,真洲句 優祈音は2023-11-02 10:44で開始.","0","","702","0","@0543956,真洲句 優祈音@","真洲句 優祈音","2023-11-02","ＤＸシステム開発Ｇ","2023-11-02 10:44","0","2023-11-02 10:44","0543956","0543956","1","0","","","","","","","","2023-10-19 09:31:49","702","2023-10-19 09:31:49","0","0543956","0543956","2023-10"
"267","イオンアイビス（株）","ＤＸシステム開発Ｇ","0543956","高田　優祈音","在庫調整申請テスト（王）66","倉庫コード,倉庫名,部門コード,部門名,商品コード,品種名,メーカー名,型番,入荷日,ロットNo,原単価,売単価,取引先,仕入伝票No,販売期間,入荷数,単品追加数,単品削除数,入庫数計,出荷済数,ロス数,返品数,不良品数,出荷数計,在庫数,展示品数,出荷準備中数,在庫数計 ? ?111,test,11102,部門テスト1,1110201,,,,,,,,,,,,,,,,,,,,,,, ? ","","","","{\"AgentMode\": \"0\", \"AutoApprovalMode\": \"N\", \"content\": [{\"value\": \"高田　優祈音\", \"name\": \"従業員氏名\"}, {\"value\": \"0543956\", \"name\": \"社員番号\"}, {\"value\": \"イオンアイビス（株）\", \"name\": \"会社名称\"}, {\"value\": \"ＤＸシステム開発Ｇ\", \"name\": \"所属\"}]}","2023-11-02 10:44:10","0543956","2023-11-02 10:44:10","0543956","2","11637","ＤＸシステム開発Ｇ-0543956,真洲句 優祈音は2023-11-02 10:44で開始.","0","","702","0","@0543956,真洲句 優祈音@","真洲句 優祈音","2023-11-02","ＤＸシステム開発Ｇ","2023-11-02 10:44","0","2023-11-02 10:44","0543956","0543956","1","0","","","","","","","","2023-10-19 09:31:49","702","2023-10-19 09:31:49","0","0543956","0543956","2023-10"
"268","イオンアイビス（株）","ＤＸシステム開発Ｇ","0543956","高田　優祈音","在庫調整申請テスト（王）67","倉庫コード,倉庫名,部門コード,部門名,商品コード,品種名,メーカー名,型番,入荷日,ロットNo,原単価,売単価,取引先,仕入伝票No,販売期間,入荷数,単品追加数,単品削除数,入庫数計,出荷済数,ロス数,返品数,不良品数,出荷数計,在庫数,展示品数,出荷準備中数,在庫数計 ? ?111,test,11102,部門テスト1,1110201,,,,,,,,,,,,,,,,,,,,,,, ? ","","","","{\"AgentMode\": \"0\", \"AutoApprovalMode\": \"N\", \"content\": [{\"value\": \"高田　優祈音\", \"name\": \"従業員氏名\"}, {\"value\": \"0543956\", \"name\": \"社員番号\"}, {\"value\": \"イオンアイビス（株）\", \"name\": \"会社名称\"}, {\"value\": \"ＤＸシステム開発Ｇ\", \"name\": \"所属\"}]}","2023-11-02 10:44:10","0543956","2023-11-02 10:44:10","0543956","2","11637","ＤＸシステム開発Ｇ-0543956,真洲句 優祈音は2023-11-02 10:44で開始.","0","","702","0","@0543956,真洲句 優祈音@","真洲句 優祈音","2023-11-02","ＤＸシステム開発Ｇ","2023-11-02 10:44","0","2023-11-02 10:44","0543956","0543956","1","0","","","","","","","","2023-10-19 09:31:49","702","2023-10-19 09:31:49","0","0543956","0543956","2023-10"
"269","イオンアイビス（株）","ＤＸシステム開発Ｇ","0543956","高田　優祈音","在庫調整申請テスト（王）68","倉庫コード,倉庫名,部門コード,部門名,商品コード,品種名,メーカー名,型番,入荷日,ロットNo,原単価,売単価,取引先,仕入伝票No,販売期間,入荷数,単品追加数,単品削除数,入庫数計,出荷済数,ロス数,返品数,不良品数,出荷数計,在庫数,展示品数,出荷準備中数,在庫数計 ? ?111,test,11102,部門テスト1,1110201,,,,,,,,,,,,,,,,,,,,,,, ? ","","","","{\"AgentMode\": \"0\", \"AutoApprovalMode\": \"N\", \"content\": [{\"value\": \"高田　優祈音\", \"name\": \"従業員氏名\"}, {\"value\": \"0543956\", \"name\": \"社員番号\"}, {\"value\": \"イオンアイビス（株）\", \"name\": \"会社名称\"}, {\"value\": \"ＤＸシステム開発Ｇ\", \"name\": \"所属\"}]}","2023-11-02 10:44:10","0543956","2023-11-02 10:44:10","0543956","2","11637","ＤＸシステム開発Ｇ-0543956,真洲句 優祈音は2023-11-02 10:44で開始.","0","","702","0","@0543956,真洲句 優祈音@","真洲句 優祈音","2023-11-02","ＤＸシステム開発Ｇ","2023-11-02 10:44","0","2023-11-02 10:44","0543956","0543956","1","0","","","","","","","","2023-10-19 09:31:49","702","2023-10-19 09:31:49","0","0543956","0543956","2023-10"
"270","イオンアイビス（株）","ＤＸシステム開発Ｇ","0543956","高田　優祈音","在庫調整申請テスト（王）69","倉庫コード,倉庫名,部門コード,部門名,商品コード,品種名,メーカー名,型番,入荷日,ロットNo,原単価,売単価,取引先,仕入伝票No,販売期間,入荷数,単品追加数,単品削除数,入庫数計,出荷済数,ロス数,返品数,不良品数,出荷数計,在庫数,展示品数,出荷準備中数,在庫数計 ? ?111,test,11102,部門テスト1,1110201,,,,,,,,,,,,,,,,,,,,,,, ? ","","","","{\"AgentMode\": \"0\", \"AutoApprovalMode\": \"N\", \"content\": [{\"value\": \"高田　優祈音\", \"name\": \"従業員氏名\"}, {\"value\": \"0543956\", \"name\": \"社員番号\"}, {\"value\": \"イオンアイビス（株）\", \"name\": \"会社名称\"}, {\"value\": \"ＤＸシステム開発Ｇ\", \"name\": \"所属\"}]}","2023-11-02 10:44:10","0543956","2023-11-02 10:44:10","0543956","2","11637","ＤＸシステム開発Ｇ-0543956,真洲句 優祈音は2023-11-02 10:44で開始.","0","","702","0","@0543956,真洲句 優祈音@","真洲句 優祈音","2023-11-02","ＤＸシステム開発Ｇ","2023-11-02 10:44","0","2023-11-02 10:44","0543956","0543956","1","0","","","","","","","","2023-10-19 09:31:49","702","2023-10-19 09:31:49","0","0543956","0543956","2023-10"
"271","イオンアイビス（株）","ＤＸシステム開発Ｇ","0543956","高田　優祈音","在庫調整申請テスト（王）70","倉庫コード,倉庫名,部門コード,部門名,商品コード,品種名,メーカー名,型番,入荷日,ロットNo,原単価,売単価,取引先,仕入伝票No,販売期間,入荷数,単品追加数,単品削除数,入庫数計,出荷済数,ロス数,返品数,不良品数,出荷数計,在庫数,展示品数,出荷準備中数,在庫数計 ? ?111,test,11102,部門テスト1,1110201,,,,,,,,,,,,,,,,,,,,,,, ? ","","","","{\"AgentMode\": \"0\", \"AutoApprovalMode\": \"N\", \"content\": [{\"value\": \"高田　優祈音\", \"name\": \"従業員氏名\"}, {\"value\": \"0543956\", \"name\": \"社員番号\"}, {\"value\": \"イオンアイビス（株）\", \"name\": \"会社名称\"}, {\"value\": \"ＤＸシステム開発Ｇ\", \"name\": \"所属\"}]}","2023-11-02 10:44:10","0543956","2023-11-02 10:44:10","0543956","2","11637","ＤＸシステム開発Ｇ-0543956,真洲句 優祈音は2023-11-02 10:44で開始.","0","","702","0","@0543956,真洲句 優祈音@","真洲句 優祈音","2023-11-02","ＤＸシステム開発Ｇ","2023-11-02 10:44","0","2023-11-02 10:44","0543956","0543956","1","0","","","","","","","","2023-10-19 09:31:49","702","2023-10-19 09:31:49","0","0543956","0543956","2023-10"
"272","イオンアイビス（株）","ＤＸシステム開発Ｇ","0543956","高田　優祈音","在庫調整申請テスト（王）71","倉庫コード,倉庫名,部門コード,部門名,商品コード,品種名,メーカー名,型番,入荷日,ロットNo,原単価,売単価,取引先,仕入伝票No,販売期間,入荷数,単品追加数,単品削除数,入庫数計,出荷済数,ロス数,返品数,不良品数,出荷数計,在庫数,展示品数,出荷準備中数,在庫数計 ? ?111,test,11102,部門テスト1,1110201,,,,,,,,,,,,,,,,,,,,,,, ? ","","","","{\"AgentMode\": \"0\", \"AutoApprovalMode\": \"N\", \"content\": [{\"value\": \"高田　優祈音\", \"name\": \"従業員氏名\"}, {\"value\": \"0543956\", \"name\": \"社員番号\"}, {\"value\": \"イオンアイビス（株）\", \"name\": \"会社名称\"}, {\"value\": \"ＤＸシステム開発Ｇ\", \"name\": \"所属\"}]}","2023-11-02 10:44:10","0543956","2023-11-02 10:44:10","0543956","2","11637","ＤＸシステム開発Ｇ-0543956,真洲句 優祈音は2023-11-02 10:44で開始.","0","","702","0","@0543956,真洲句 優祈音@","真洲句 優祈音","2023-11-02","ＤＸシステム開発Ｇ","2023-11-02 10:44","0","2023-11-02 10:44","0543956","0543956","1","0","","","","","","","","2023-10-19 09:31:49","702","2023-10-19 09:31:49","0","0543956","0543956","2023-10"
"273","イオンアイビス（株）","ＤＸシステム開発Ｇ","0543956","高田　優祈音","在庫調整申請テスト（王）72","倉庫コード,倉庫名,部門コード,部門名,商品コード,品種名,メーカー名,型番,入荷日,ロットNo,原単価,売単価,取引先,仕入伝票No,販売期間,入荷数,単品追加数,単品削除数,入庫数計,出荷済数,ロス数,返品数,不良品数,出荷数計,在庫数,展示品数,出荷準備中数,在庫数計 ? ?111,test,11102,部門テスト1,1110201,,,,,,,,,,,,,,,,,,,,,,, ? ","","","","{\"AgentMode\": \"0\", \"AutoApprovalMode\": \"N\", \"content\": [{\"value\": \"高田　優祈音\", \"name\": \"従業員氏名\"}, {\"value\": \"0543956\", \"name\": \"社員番号\"}, {\"value\": \"イオンアイビス（株）\", \"name\": \"会社名称\"}, {\"value\": \"ＤＸシステム開発Ｇ\", \"name\": \"所属\"}]}","2023-11-02 10:44:10","0543956","2023-11-02 10:44:10","0543956","2","11637","ＤＸシステム開発Ｇ-0543956,真洲句 優祈音は2023-11-02 10:44で開始.","0","","702","0","@0543956,真洲句 優祈音@","真洲句 優祈音","2023-11-02","ＤＸシステム開発Ｇ","2023-11-02 10:44","0","2023-11-02 10:44","0543956","0543956","1","0","","","","","","","","2023-10-19 09:31:49","702","2023-10-19 09:31:49","0","0543956","0543956","2023-10"
"274","イオンアイビス（株）","ＤＸシステム開発Ｇ","0543956","高田　優祈音","在庫調整申請テスト（王）73","倉庫コード,倉庫名,部門コード,部門名,商品コード,品種名,メーカー名,型番,入荷日,ロットNo,原単価,売単価,取引先,仕入伝票No,販売期間,入荷数,単品追加数,単品削除数,入庫数計,出荷済数,ロス数,返品数,不良品数,出荷数計,在庫数,展示品数,出荷準備中数,在庫数計 ? ?111,test,11102,部門テスト1,1110201,,,,,,,,,,,,,,,,,,,,,,, ? ","","","","{\"AgentMode\": \"0\", \"AutoApprovalMode\": \"N\", \"content\": [{\"value\": \"高田　優祈音\", \"name\": \"従業員氏名\"}, {\"value\": \"0543956\", \"name\": \"社員番号\"}, {\"value\": \"イオンアイビス（株）\", \"name\": \"会社名称\"}, {\"value\": \"ＤＸシステム開発Ｇ\", \"name\": \"所属\"}]}","2023-11-02 10:44:10","0543956","2023-11-02 10:44:10","0543956","2","11637","ＤＸシステム開発Ｇ-0543956,真洲句 優祈音は2023-11-02 10:44で開始.","0","","702","0","@0543956,真洲句 優祈音@","真洲句 優祈音","2023-11-02","ＤＸシステム開発Ｇ","2023-11-02 10:44","0","2023-11-02 10:44","0543956","0543956","1","0","","","","","","","","2023-10-19 09:31:49","702","2023-10-19 09:31:49","0","0543956","0543956","2023-10"
"275","イオンアイビス（株）","ＤＸシステム開発Ｇ","0543956","高田　優祈音","在庫調整申請テスト（王）74","倉庫コード,倉庫名,部門コード,部門名,商品コード,品種名,メーカー名,型番,入荷日,ロットNo,原単価,売単価,取引先,仕入伝票No,販売期間,入荷数,単品追加数,単品削除数,入庫数計,出荷済数,ロス数,返品数,不良品数,出荷数計,在庫数,展示品数,出荷準備中数,在庫数計 ? ?111,test,11102,部門テスト1,1110201,,,,,,,,,,,,,,,,,,,,,,, ? ","","","","{\"AgentMode\": \"0\", \"AutoApprovalMode\": \"N\", \"content\": [{\"value\": \"高田　優祈音\", \"name\": \"従業員氏名\"}, {\"value\": \"0543956\", \"name\": \"社員番号\"}, {\"value\": \"イオンアイビス（株）\", \"name\": \"会社名称\"}, {\"value\": \"ＤＸシステム開発Ｇ\", \"name\": \"所属\"}]}","2023-11-02 10:44:10","0543956","2023-11-02 10:44:10","0543956","2","11637","ＤＸシステム開発Ｇ-0543956,真洲句 優祈音は2023-11-02 10:44で開始.","0","","702","0","@0543956,真洲句 優祈音@","真洲句 優祈音","2023-11-02","ＤＸシステム開発Ｇ","2023-11-02 10:44","0","2023-11-02 10:44","0543956","0543956","1","0","","","","","","","","2023-10-19 09:31:49","702","2023-10-19 09:31:49","0","0543956","0543956","2023-10"
"276","イオンアイビス（株）","ＤＸシステム開発Ｇ","0543956","高田　優祈音","在庫調整申請テスト（王）75","倉庫コード,倉庫名,部門コード,部門名,商品コード,品種名,メーカー名,型番,入荷日,ロットNo,原単価,売単価,取引先,仕入伝票No,販売期間,入荷数,単品追加数,単品削除数,入庫数計,出荷済数,ロス数,返品数,不良品数,出荷数計,在庫数,展示品数,出荷準備中数,在庫数計 ? ?111,test,11102,部門テスト1,1110201,,,,,,,,,,,,,,,,,,,,,,, ? ","","","","{\"AgentMode\": \"0\", \"AutoApprovalMode\": \"N\", \"content\": [{\"value\": \"高田　優祈音\", \"name\": \"従業員氏名\"}, {\"value\": \"0543956\", \"name\": \"社員番号\"}, {\"value\": \"イオンアイビス（株）\", \"name\": \"会社名称\"}, {\"value\": \"ＤＸシステム開発Ｇ\", \"name\": \"所属\"}]}","2023-11-02 10:44:10","0543956","2023-11-02 10:44:10","0543956","2","11637","ＤＸシステム開発Ｇ-0543956,真洲句 優祈音は2023-11-02 10:44で開始.","0","","702","0","@0543956,真洲句 優祈音@","真洲句 優祈音","2023-11-02","ＤＸシステム開発Ｇ","2023-11-02 10:44","0","2023-11-02 10:44","0543956","0543956","1","0","","","","","","","","2023-10-19 09:31:49","702","2023-10-19 09:31:49","0","0543956","0543956","2023-10"
"277","イオンアイビス（株）","ＤＸシステム開発Ｇ","0543956","高田　優祈音","在庫調整申請テスト（王）76","倉庫コード,倉庫名,部門コード,部門名,商品コード,品種名,メーカー名,型番,入荷日,ロットNo,原単価,売単価,取引先,仕入伝票No,販売期間,入荷数,単品追加数,単品削除数,入庫数計,出荷済数,ロス数,返品数,不良品数,出荷数計,在庫数,展示品数,出荷準備中数,在庫数計 ? ?111,test,11102,部門テスト1,1110201,,,,,,,,,,,,,,,,,,,,,,, ? ","","","","{\"AgentMode\": \"0\", \"AutoApprovalMode\": \"N\", \"content\": [{\"value\": \"高田　優祈音\", \"name\": \"従業員氏名\"}, {\"value\": \"0543956\", \"name\": \"社員番号\"}, {\"value\": \"イオンアイビス（株）\", \"name\": \"会社名称\"}, {\"value\": \"ＤＸシステム開発Ｇ\", \"name\": \"所属\"}]}","2023-11-02 10:44:10","0543956","2023-11-02 10:44:10","0543956","2","11637","ＤＸシステム開発Ｇ-0543956,真洲句 優祈音は2023-11-02 10:44で開始.","0","","702","0","@0543956,真洲句 優祈音@","真洲句 優祈音","2023-11-02","ＤＸシステム開発Ｇ","2023-11-02 10:44","0","2023-11-02 10:44","0543956","0543956","1","0","","","","","","","","2023-10-19 09:31:49","702","2023-10-19 09:31:49","0","0543956","0543956","2023-10"
"278","イオンアイビス（株）","ＤＸシステム開発Ｇ","0543956","高田　優祈音","在庫調整申請テスト（王）77","倉庫コード,倉庫名,部門コード,部門名,商品コード,品種名,メーカー名,型番,入荷日,ロットNo,原単価,売単価,取引先,仕入伝票No,販売期間,入荷数,単品追加数,単品削除数,入庫数計,出荷済数,ロス数,返品数,不良品数,出荷数計,在庫数,展示品数,出荷準備中数,在庫数計 ? ?111,test,11102,部門テスト1,1110201,,,,,,,,,,,,,,,,,,,,,,, ? ","","","","{\"AgentMode\": \"0\", \"AutoApprovalMode\": \"N\", \"content\": [{\"value\": \"高田　優祈音\", \"name\": \"従業員氏名\"}, {\"value\": \"0543956\", \"name\": \"社員番号\"}, {\"value\": \"イオンアイビス（株）\", \"name\": \"会社名称\"}, {\"value\": \"ＤＸシステム開発Ｇ\", \"name\": \"所属\"}]}","2023-11-02 10:44:10","0543956","2023-11-02 10:44:10","0543956","2","11637","ＤＸシステム開発Ｇ-0543956,真洲句 優祈音は2023-11-02 10:44で開始.","0","","702","0","@0543956,真洲句 優祈音@","真洲句 優祈音","2023-11-02","ＤＸシステム開発Ｇ","2023-11-02 10:44","0","2023-11-02 10:44","0543956","0543956","1","0","","","","","","","","2023-10-19 09:31:49","702","2023-10-19 09:31:49","0","0543956","0543956","2023-10"
"279","イオンアイビス（株）","ＤＸシステム開発Ｇ","0543956","高田　優祈音","在庫調整申請テスト（王）78","倉庫コード,倉庫名,部門コード,部門名,商品コード,品種名,メーカー名,型番,入荷日,ロットNo,原単価,売単価,取引先,仕入伝票No,販売期間,入荷数,単品追加数,単品削除数,入庫数計,出荷済数,ロス数,返品数,不良品数,出荷数計,在庫数,展示品数,出荷準備中数,在庫数計 ? ?111,test,11102,部門テスト1,1110201,,,,,,,,,,,,,,,,,,,,,,, ? ","","","","{\"AgentMode\": \"0\", \"AutoApprovalMode\": \"N\", \"content\": [{\"value\": \"高田　優祈音\", \"name\": \"従業員氏名\"}, {\"value\": \"0543956\", \"name\": \"社員番号\"}, {\"value\": \"イオンアイビス（株）\", \"name\": \"会社名称\"}, {\"value\": \"ＤＸシステム開発Ｇ\", \"name\": \"所属\"}]}","2023-11-02 10:44:10","0543956","2023-11-02 10:44:10","0543956","2","11637","ＤＸシステム開発Ｇ-0543956,真洲句 優祈音は2023-11-02 10:44で開始.","0","","702","0","@0543956,真洲句 優祈音@","真洲句 優祈音","2023-11-02","ＤＸシステム開発Ｇ","2023-11-02 10:44","0","2023-11-02 10:44","0543956","0543956","1","0","","","","","","","","2023-10-19 09:31:49","702","2023-10-19 09:31:49","0","0543956","0543956","2023-10"
"280","イオンアイビス（株）","ＤＸシステム開発Ｇ","0543956","高田　優祈音","在庫調整申請テスト（王）79","倉庫コード,倉庫名,部門コード,部門名,商品コード,品種名,メーカー名,型番,入荷日,ロットNo,原単価,売単価,取引先,仕入伝票No,販売期間,入荷数,単品追加数,単品削除数,入庫数計,出荷済数,ロス数,返品数,不良品数,出荷数計,在庫数,展示品数,出荷準備中数,在庫数計 ? ?111,test,11102,部門テスト1,1110201,,,,,,,,,,,,,,,,,,,,,,, ? ","","","","{\"AgentMode\": \"0\", \"AutoApprovalMode\": \"N\", \"content\": [{\"value\": \"高田　優祈音\", \"name\": \"従業員氏名\"}, {\"value\": \"0543956\", \"name\": \"社員番号\"}, {\"value\": \"イオンアイビス（株）\", \"name\": \"会社名称\"}, {\"value\": \"ＤＸシステム開発Ｇ\", \"name\": \"所属\"}]}","2023-11-02 10:44:10","0543956","2023-11-02 10:44:10","0543956","2","11637","ＤＸシステム開発Ｇ-0543956,真洲句 優祈音は2023-11-02 10:44で開始.","0","","702","0","@0543956,真洲句 優祈音@","真洲句 優祈音","2023-11-02","ＤＸシステム開発Ｇ","2023-11-02 10:44","0","2023-11-02 10:44","0543956","0543956","1","0","","","","","","","","2023-10-19 09:31:49","702","2023-10-19 09:31:49","0","0543956","0543956","2023-10"
"281","イオンアイビス（株）","ＤＸシステム開発Ｇ","0543956","高田　優祈音","在庫調整申請テスト（王）80","倉庫コード,倉庫名,部門コード,部門名,商品コード,品種名,メーカー名,型番,入荷日,ロットNo,原単価,売単価,取引先,仕入伝票No,販売期間,入荷数,単品追加数,単品削除数,入庫数計,出荷済数,ロス数,返品数,不良品数,出荷数計,在庫数,展示品数,出荷準備中数,在庫数計 ? ?111,test,11102,部門テスト1,1110201,,,,,,,,,,,,,,,,,,,,,,, ? ","","","","{\"AgentMode\": \"0\", \"AutoApprovalMode\": \"N\", \"content\": [{\"value\": \"高田　優祈音\", \"name\": \"従業員氏名\"}, {\"value\": \"0543956\", \"name\": \"社員番号\"}, {\"value\": \"イオンアイビス（株）\", \"name\": \"会社名称\"}, {\"value\": \"ＤＸシステム開発Ｇ\", \"name\": \"所属\"}]}","2023-11-02 10:44:10","0543956","2023-11-02 10:44:10","0543956","2","11637","ＤＸシステム開発Ｇ-0543956,真洲句 優祈音は2023-11-02 10:44で開始.","0","","702","0","@0543956,真洲句 優祈音@","真洲句 優祈音","2023-11-02","ＤＸシステム開発Ｇ","2023-11-02 10:44","0","2023-11-02 10:44","0543956","0543956","1","0","","","","","","","","2023-10-19 09:31:49","702","2023-10-19 09:31:49","0","0543956","0543956","2023-10"
"282","イオンアイビス（株）","ＤＸシステム開発Ｇ","0543956","高田　優祈音","在庫調整申請テスト（王）81","倉庫コード,倉庫名,部門コード,部門名,商品コード,品種名,メーカー名,型番,入荷日,ロットNo,原単価,売単価,取引先,仕入伝票No,販売期間,入荷数,単品追加数,単品削除数,入庫数計,出荷済数,ロス数,返品数,不良品数,出荷数計,在庫数,展示品数,出荷準備中数,在庫数計 ? ?111,test,11102,部門テスト1,1110201,,,,,,,,,,,,,,,,,,,,,,, ? ","","","","{\"AgentMode\": \"0\", \"AutoApprovalMode\": \"N\", \"content\": [{\"value\": \"高田　優祈音\", \"name\": \"従業員氏名\"}, {\"value\": \"0543956\", \"name\": \"社員番号\"}, {\"value\": \"イオンアイビス（株）\", \"name\": \"会社名称\"}, {\"value\": \"ＤＸシステム開発Ｇ\", \"name\": \"所属\"}]}","2023-11-02 10:44:10","0543956","2023-11-02 10:44:10","0543956","2","11637","ＤＸシステム開発Ｇ-0543956,真洲句 優祈音は2023-11-02 10:44で開始.","0","","702","0","@0543956,真洲句 優祈音@","真洲句 優祈音","2023-11-02","ＤＸシステム開発Ｇ","2023-11-02 10:44","0","2023-11-02 10:44","0543956","0543956","1","0","","","","","","","","2023-10-19 09:31:49","702","2023-10-19 09:31:49","0","0543956","0543956","2023-10"
"283","イオンアイビス（株）","ＤＸシステム開発Ｇ","0543956","高田　優祈音","在庫調整申請テスト（王）82","倉庫コード,倉庫名,部門コード,部門名,商品コード,品種名,メーカー名,型番,入荷日,ロットNo,原単価,売単価,取引先,仕入伝票No,販売期間,入荷数,単品追加数,単品削除数,入庫数計,出荷済数,ロス数,返品数,不良品数,出荷数計,在庫数,展示品数,出荷準備中数,在庫数計 ? ?111,test,11102,部門テスト1,1110201,,,,,,,,,,,,,,,,,,,,,,, ? ","","","","{\"AgentMode\": \"0\", \"AutoApprovalMode\": \"N\", \"content\": [{\"value\": \"高田　優祈音\", \"name\": \"従業員氏名\"}, {\"value\": \"0543956\", \"name\": \"社員番号\"}, {\"value\": \"イオンアイビス（株）\", \"name\": \"会社名称\"}, {\"value\": \"ＤＸシステム開発Ｇ\", \"name\": \"所属\"}]}","2023-11-02 10:44:10","0543956","2023-11-02 10:44:10","0543956","2","11637","ＤＸシステム開発Ｇ-0543956,真洲句 優祈音は2023-11-02 10:44で開始.","0","","702","0","@0543956,真洲句 優祈音@","真洲句 優祈音","2023-11-02","ＤＸシステム開発Ｇ","2023-11-02 10:44","0","2023-11-02 10:44","0543956","0543956","1","0","","","","","","","","2023-10-19 09:31:49","702","2023-10-19 09:31:49","0","0543956","0543956","2023-10"
"284","イオンアイビス（株）","ＤＸシステム開発Ｇ","0543956","高田　優祈音","在庫調整申請テスト（王）83","倉庫コード,倉庫名,部門コード,部門名,商品コード,品種名,メーカー名,型番,入荷日,ロットNo,原単価,売単価,取引先,仕入伝票No,販売期間,入荷数,単品追加数,単品削除数,入庫数計,出荷済数,ロス数,返品数,不良品数,出荷数計,在庫数,展示品数,出荷準備中数,在庫数計 ? ?111,test,11102,部門テスト1,1110201,,,,,,,,,,,,,,,,,,,,,,, ? ","","","","{\"AgentMode\": \"0\", \"AutoApprovalMode\": \"N\", \"content\": [{\"value\": \"高田　優祈音\", \"name\": \"従業員氏名\"}, {\"value\": \"0543956\", \"name\": \"社員番号\"}, {\"value\": \"イオンアイビス（株）\", \"name\": \"会社名称\"}, {\"value\": \"ＤＸシステム開発Ｇ\", \"name\": \"所属\"}]}","2023-11-02 10:44:10","0543956","2023-11-02 10:44:10","0543956","2","11637","ＤＸシステム開発Ｇ-0543956,真洲句 優祈音は2023-11-02 10:44で開始.","0","","702","0","@0543956,真洲句 優祈音@","真洲句 優祈音","2023-11-02","ＤＸシステム開発Ｇ","2023-11-02 10:44","0","2023-11-02 10:44","0543956","0543956","1","0","","","","","","","","2023-10-19 09:31:49","702","2023-10-19 09:31:49","0","0543956","0543956","2023-10"
"285","イオンアイビス（株）","ＤＸシステム開発Ｇ","0543956","高田　優祈音","在庫調整申請テスト（王）84","倉庫コード,倉庫名,部門コード,部門名,商品コード,品種名,メーカー名,型番,入荷日,ロットNo,原単価,売単価,取引先,仕入伝票No,販売期間,入荷数,単品追加数,単品削除数,入庫数計,出荷済数,ロス数,返品数,不良品数,出荷数計,在庫数,展示品数,出荷準備中数,在庫数計 ? ?111,test,11102,部門テスト1,1110201,,,,,,,,,,,,,,,,,,,,,,, ? ","","","","{\"AgentMode\": \"0\", \"AutoApprovalMode\": \"N\", \"content\": [{\"value\": \"高田　優祈音\", \"name\": \"従業員氏名\"}, {\"value\": \"0543956\", \"name\": \"社員番号\"}, {\"value\": \"イオンアイビス（株）\", \"name\": \"会社名称\"}, {\"value\": \"ＤＸシステム開発Ｇ\", \"name\": \"所属\"}]}","2023-11-02 10:44:10","0543956","2023-11-02 10:44:10","0543956","2","11637","ＤＸシステム開発Ｇ-0543956,真洲句 優祈音は2023-11-02 10:44で開始.","0","","702","0","@0543956,真洲句 優祈音@","真洲句 優祈音","2023-11-02","ＤＸシステム開発Ｇ","2023-11-02 10:44","0","2023-11-02 10:44","0543956","0543956","1","0","","","","","","","","2023-10-19 09:31:49","702","2023-10-19 09:31:49","0","0543956","0543956","2023-10"
"286","イオンアイビス（株）","ＤＸシステム開発Ｇ","0543956","高田　優祈音","在庫調整申請テスト（王）85","倉庫コード,倉庫名,部門コード,部門名,商品コード,品種名,メーカー名,型番,入荷日,ロットNo,原単価,売単価,取引先,仕入伝票No,販売期間,入荷数,単品追加数,単品削除数,入庫数計,出荷済数,ロス数,返品数,不良品数,出荷数計,在庫数,展示品数,出荷準備中数,在庫数計 ? ?111,test,11102,部門テスト1,1110201,,,,,,,,,,,,,,,,,,,,,,, ? ","","","","{\"AgentMode\": \"0\", \"AutoApprovalMode\": \"N\", \"content\": [{\"value\": \"高田　優祈音\", \"name\": \"従業員氏名\"}, {\"value\": \"0543956\", \"name\": \"社員番号\"}, {\"value\": \"イオンアイビス（株）\", \"name\": \"会社名称\"}, {\"value\": \"ＤＸシステム開発Ｇ\", \"name\": \"所属\"}]}","2023-11-02 10:44:10","0543956","2023-11-02 10:44:10","0543956","2","11637","ＤＸシステム開発Ｇ-0543956,真洲句 優祈音は2023-11-02 10:44で開始.","0","","702","0","@0543956,真洲句 優祈音@","真洲句 優祈音","2023-11-02","ＤＸシステム開発Ｇ","2023-11-02 10:44","0","2023-11-02 10:44","0543956","0543956","1","0","","","","","","","","2023-10-19 09:31:49","702","2023-10-19 09:31:49","0","0543956","0543956","2023-10"
"287","イオンアイビス（株）","ＤＸシステム開発Ｇ","0543956","高田　優祈音","在庫調整申請テスト（王）86","倉庫コード,倉庫名,部門コード,部門名,商品コード,品種名,メーカー名,型番,入荷日,ロットNo,原単価,売単価,取引先,仕入伝票No,販売期間,入荷数,単品追加数,単品削除数,入庫数計,出荷済数,ロス数,返品数,不良品数,出荷数計,在庫数,展示品数,出荷準備中数,在庫数計 ? ?111,test,11102,部門テスト1,1110201,,,,,,,,,,,,,,,,,,,,,,, ? ","","","","{\"AgentMode\": \"0\", \"AutoApprovalMode\": \"N\", \"content\": [{\"value\": \"高田　優祈音\", \"name\": \"従業員氏名\"}, {\"value\": \"0543956\", \"name\": \"社員番号\"}, {\"value\": \"イオンアイビス（株）\", \"name\": \"会社名称\"}, {\"value\": \"ＤＸシステム開発Ｇ\", \"name\": \"所属\"}]}","2023-11-02 10:44:10","0543956","2023-11-02 10:44:10","0543956","2","11637","ＤＸシステム開発Ｇ-0543956,真洲句 優祈音は2023-11-02 10:44で開始.","0","","702","0","@0543956,真洲句 優祈音@","真洲句 優祈音","2023-11-02","ＤＸシステム開発Ｇ","2023-11-02 10:44","0","2023-11-02 10:44","0543956","0543956","1","0","","","","","","","","2023-10-19 09:31:49","702","2023-10-19 09:31:49","0","0543956","0543956","2023-10"
"288","イオンアイビス（株）","ＤＸシステム開発Ｇ","0543956","高田　優祈音","在庫調整申請テスト（王）87","倉庫コード,倉庫名,部門コード,部門名,商品コード,品種名,メーカー名,型番,入荷日,ロットNo,原単価,売単価,取引先,仕入伝票No,販売期間,入荷数,単品追加数,単品削除数,入庫数計,出荷済数,ロス数,返品数,不良品数,出荷数計,在庫数,展示品数,出荷準備中数,在庫数計 ? ?111,test,11102,部門テスト1,1110201,,,,,,,,,,,,,,,,,,,,,,, ? ","","","","{\"AgentMode\": \"0\", \"AutoApprovalMode\": \"N\", \"content\": [{\"value\": \"高田　優祈音\", \"name\": \"従業員氏名\"}, {\"value\": \"0543956\", \"name\": \"社員番号\"}, {\"value\": \"イオンアイビス（株）\", \"name\": \"会社名称\"}, {\"value\": \"ＤＸシステム開発Ｇ\", \"name\": \"所属\"}]}","2023-11-02 10:44:10","0543956","2023-11-02 10:44:10","0543956","2","11637","ＤＸシステム開発Ｇ-0543956,真洲句 優祈音は2023-11-02 10:44で開始.","0","","702","0","@0543956,真洲句 優祈音@","真洲句 優祈音","2023-11-02","ＤＸシステム開発Ｇ","2023-11-02 10:44","0","2023-11-02 10:44","0543956","0543956","1","0","","","","","","","","2023-10-19 09:31:49","702","2023-10-19 09:31:49","0","0543956","0543956","2023-10"
"289","イオンアイビス（株）","ＤＸシステム開発Ｇ","0543956","高田　優祈音","在庫調整申請テスト（王）88","倉庫コード,倉庫名,部門コード,部門名,商品コード,品種名,メーカー名,型番,入荷日,ロットNo,原単価,売単価,取引先,仕入伝票No,販売期間,入荷数,単品追加数,単品削除数,入庫数計,出荷済数,ロス数,返品数,不良品数,出荷数計,在庫数,展示品数,出荷準備中数,在庫数計 ? ?111,test,11102,部門テスト1,1110201,,,,,,,,,,,,,,,,,,,,,,, ? ","","","","{\"AgentMode\": \"0\", \"AutoApprovalMode\": \"N\", \"content\": [{\"value\": \"高田　優祈音\", \"name\": \"従業員氏名\"}, {\"value\": \"0543956\", \"name\": \"社員番号\"}, {\"value\": \"イオンアイビス（株）\", \"name\": \"会社名称\"}, {\"value\": \"ＤＸシステム開発Ｇ\", \"name\": \"所属\"}]}","2023-11-02 10:44:10","0543956","2023-11-02 10:44:10","0543956","2","11637","ＤＸシステム開発Ｇ-0543956,真洲句 優祈音は2023-11-02 10:44で開始.","0","","702","0","@0543956,真洲句 優祈音@","真洲句 優祈音","2023-11-02","ＤＸシステム開発Ｇ","2023-11-02 10:44","0","2023-11-02 10:44","0543956","0543956","1","0","","","","","","","","2023-10-19 09:31:49","702","2023-10-19 09:31:49","0","0543956","0543956","2023-10"
"290","イオンアイビス（株）","ＤＸシステム開発Ｇ","0543956","高田　優祈音","在庫調整申請テスト（王）89","倉庫コード,倉庫名,部門コード,部門名,商品コード,品種名,メーカー名,型番,入荷日,ロットNo,原単価,売単価,取引先,仕入伝票No,販売期間,入荷数,単品追加数,単品削除数,入庫数計,出荷済数,ロス数,返品数,不良品数,出荷数計,在庫数,展示品数,出荷準備中数,在庫数計 ? ?111,test,11102,部門テスト1,1110201,,,,,,,,,,,,,,,,,,,,,,, ? ","","","","{\"AgentMode\": \"0\", \"AutoApprovalMode\": \"N\", \"content\": [{\"value\": \"高田　優祈音\", \"name\": \"従業員氏名\"}, {\"value\": \"0543956\", \"name\": \"社員番号\"}, {\"value\": \"イオンアイビス（株）\", \"name\": \"会社名称\"}, {\"value\": \"ＤＸシステム開発Ｇ\", \"name\": \"所属\"}]}","2023-11-02 10:44:10","0543956","2023-11-02 10:44:10","0543956","2","11637","ＤＸシステム開発Ｇ-0543956,真洲句 優祈音は2023-11-02 10:44で開始.","0","","702","0","@0543956,真洲句 優祈音@","真洲句 優祈音","2023-11-02","ＤＸシステム開発Ｇ","2023-11-02 10:44","0","2023-11-02 10:44","0543956","0543956","1","0","","","","","","","","2023-10-19 09:31:49","702","2023-10-19 09:31:49","0","0543956","0543956","2023-10"
"291","イオンアイビス（株）","ＤＸシステム開発Ｇ","0543956","高田　優祈音","在庫調整申請テスト（王）90","倉庫コード,倉庫名,部門コード,部門名,商品コード,品種名,メーカー名,型番,入荷日,ロットNo,原単価,売単価,取引先,仕入伝票No,販売期間,入荷数,単品追加数,単品削除数,入庫数計,出荷済数,ロス数,返品数,不良品数,出荷数計,在庫数,展示品数,出荷準備中数,在庫数計 ? ?111,test,11102,部門テスト1,1110201,,,,,,,,,,,,,,,,,,,,,,, ? ","","","","{\"AgentMode\": \"0\", \"AutoApprovalMode\": \"N\", \"content\": [{\"value\": \"高田　優祈音\", \"name\": \"従業員氏名\"}, {\"value\": \"0543956\", \"name\": \"社員番号\"}, {\"value\": \"イオンアイビス（株）\", \"name\": \"会社名称\"}, {\"value\": \"ＤＸシステム開発Ｇ\", \"name\": \"所属\"}]}","2023-11-02 10:44:10","0543956","2023-11-02 10:44:10","0543956","2","11637","ＤＸシステム開発Ｇ-0543956,真洲句 優祈音は2023-11-02 10:44で開始.","0","","702","0","@0543956,真洲句 優祈音@","真洲句 優祈音","2023-11-02","ＤＸシステム開発Ｇ","2023-11-02 10:44","0","2023-11-02 10:44","0543956","0543956","1","0","","","","","","","","2023-10-19 09:31:49","702","2023-10-19 09:31:49","0","0543956","0543956","2023-10"
"292","イオンアイビス（株）","ＤＸシステム開発Ｇ","0543956","高田　優祈音","在庫調整申請テスト（王）91","倉庫コード,倉庫名,部門コード,部門名,商品コード,品種名,メーカー名,型番,入荷日,ロットNo,原単価,売単価,取引先,仕入伝票No,販売期間,入荷数,単品追加数,単品削除数,入庫数計,出荷済数,ロス数,返品数,不良品数,出荷数計,在庫数,展示品数,出荷準備中数,在庫数計 ? ?111,test,11102,部門テスト1,1110201,,,,,,,,,,,,,,,,,,,,,,, ? ","","","","{\"AgentMode\": \"0\", \"AutoApprovalMode\": \"N\", \"content\": [{\"value\": \"高田　優祈音\", \"name\": \"従業員氏名\"}, {\"value\": \"0543956\", \"name\": \"社員番号\"}, {\"value\": \"イオンアイビス（株）\", \"name\": \"会社名称\"}, {\"value\": \"ＤＸシステム開発Ｇ\", \"name\": \"所属\"}]}","2023-11-02 10:44:10","0543956","2023-11-02 10:44:10","0543956","2","11637","ＤＸシステム開発Ｇ-0543956,真洲句 優祈音は2023-11-02 10:44で開始.","0","","702","0","@0543956,真洲句 優祈音@","真洲句 優祈音","2023-11-02","ＤＸシステム開発Ｇ","2023-11-02 10:44","0","2023-11-02 10:44","0543956","0543956","1","0","","","","","","","","2023-10-19 09:31:49","702","2023-10-19 09:31:49","0","0543956","0543956","2023-10"
"293","イオンアイビス（株）","ＤＸシステム開発Ｇ","0543956","高田　優祈音","在庫調整申請テスト（王）92","倉庫コード,倉庫名,部門コード,部門名,商品コード,品種名,メーカー名,型番,入荷日,ロットNo,原単価,売単価,取引先,仕入伝票No,販売期間,入荷数,単品追加数,単品削除数,入庫数計,出荷済数,ロス数,返品数,不良品数,出荷数計,在庫数,展示品数,出荷準備中数,在庫数計 ? ?111,test,11102,部門テスト1,1110201,,,,,,,,,,,,,,,,,,,,,,, ? ","","","","{\"AgentMode\": \"0\", \"AutoApprovalMode\": \"N\", \"content\": [{\"value\": \"高田　優祈音\", \"name\": \"従業員氏名\"}, {\"value\": \"0543956\", \"name\": \"社員番号\"}, {\"value\": \"イオンアイビス（株）\", \"name\": \"会社名称\"}, {\"value\": \"ＤＸシステム開発Ｇ\", \"name\": \"所属\"}]}","2023-11-02 10:44:10","0543956","2023-11-02 10:44:10","0543956","2","11637","ＤＸシステム開発Ｇ-0543956,真洲句 優祈音は2023-11-02 10:44で開始.","0","","702","0","@0543956,真洲句 優祈音@","真洲句 優祈音","2023-11-02","ＤＸシステム開発Ｇ","2023-11-02 10:44","0","2023-11-02 10:44","0543956","0543956","1","0","","","","","","","","2023-10-19 09:31:49","702","2023-10-19 09:31:49","0","0543956","0543956","2023-10"
"294","イオンアイビス（株）","ＤＸシステム開発Ｇ","0543956","高田　優祈音","在庫調整申請テスト（王）93","倉庫コード,倉庫名,部門コード,部門名,商品コード,品種名,メーカー名,型番,入荷日,ロットNo,原単価,売単価,取引先,仕入伝票No,販売期間,入荷数,単品追加数,単品削除数,入庫数計,出荷済数,ロス数,返品数,不良品数,出荷数計,在庫数,展示品数,出荷準備中数,在庫数計 ? ?111,test,11102,部門テスト1,1110201,,,,,,,,,,,,,,,,,,,,,,, ? ","","","","{\"AgentMode\": \"0\", \"AutoApprovalMode\": \"N\", \"content\": [{\"value\": \"高田　優祈音\", \"name\": \"従業員氏名\"}, {\"value\": \"0543956\", \"name\": \"社員番号\"}, {\"value\": \"イオンアイビス（株）\", \"name\": \"会社名称\"}, {\"value\": \"ＤＸシステム開発Ｇ\", \"name\": \"所属\"}]}","2023-11-02 10:44:10","0543956","2023-11-02 10:44:10","0543956","2","11637","ＤＸシステム開発Ｇ-0543956,真洲句 優祈音は2023-11-02 10:44で開始.","0","","702","0","@0543956,真洲句 優祈音@","真洲句 優祈音","2023-11-02","ＤＸシステム開発Ｇ","2023-11-02 10:44","0","2023-11-02 10:44","0543956","0543956","1","0","","","","","","","","2023-10-19 09:31:49","702","2023-10-19 09:31:49","0","0543956","0543956","2023-10"
"295","イオンアイビス（株）","ＤＸシステム開発Ｇ","0543956","高田　優祈音","在庫調整申請テスト（王）94","倉庫コード,倉庫名,部門コード,部門名,商品コード,品種名,メーカー名,型番,入荷日,ロットNo,原単価,売単価,取引先,仕入伝票No,販売期間,入荷数,単品追加数,単品削除数,入庫数計,出荷済数,ロス数,返品数,不良品数,出荷数計,在庫数,展示品数,出荷準備中数,在庫数計 ? ?111,test,11102,部門テスト1,1110201,,,,,,,,,,,,,,,,,,,,,,, ? ","","","","{\"AgentMode\": \"0\", \"AutoApprovalMode\": \"N\", \"content\": [{\"value\": \"高田　優祈音\", \"name\": \"従業員氏名\"}, {\"value\": \"0543956\", \"name\": \"社員番号\"}, {\"value\": \"イオンアイビス（株）\", \"name\": \"会社名称\"}, {\"value\": \"ＤＸシステム開発Ｇ\", \"name\": \"所属\"}]}","2023-11-02 10:44:10","0543956","2023-11-02 10:44:10","0543956","2","11637","ＤＸシステム開発Ｇ-0543956,真洲句 優祈音は2023-11-02 10:44で開始.","0","","702","0","@0543956,真洲句 優祈音@","真洲句 優祈音","2023-11-02","ＤＸシステム開発Ｇ","2023-11-02 10:44","0","2023-11-02 10:44","0543956","0543956","1","0","","","","","","","","2023-10-19 09:31:49","702","2023-10-19 09:31:49","0","0543956","0543956","2023-10"
"296","イオンアイビス（株）","ＤＸシステム開発Ｇ","0543956","高田　優祈音","在庫調整申請テスト（王）95","倉庫コード,倉庫名,部門コード,部門名,商品コード,品種名,メーカー名,型番,入荷日,ロットNo,原単価,売単価,取引先,仕入伝票No,販売期間,入荷数,単品追加数,単品削除数,入庫数計,出荷済数,ロス数,返品数,不良品数,出荷数計,在庫数,展示品数,出荷準備中数,在庫数計 ? ?111,test,11102,部門テスト1,1110201,,,,,,,,,,,,,,,,,,,,,,, ? ","","","","{\"AgentMode\": \"0\", \"AutoApprovalMode\": \"N\", \"content\": [{\"value\": \"高田　優祈音\", \"name\": \"従業員氏名\"}, {\"value\": \"0543956\", \"name\": \"社員番号\"}, {\"value\": \"イオンアイビス（株）\", \"name\": \"会社名称\"}, {\"value\": \"ＤＸシステム開発Ｇ\", \"name\": \"所属\"}]}","2023-11-02 10:44:10","0543956","2023-11-02 10:44:10","0543956","2","11637","ＤＸシステム開発Ｇ-0543956,真洲句 優祈音は2023-11-02 10:44で開始.","0","","702","0","@0543956,真洲句 優祈音@","真洲句 優祈音","2023-11-02","ＤＸシステム開発Ｇ","2023-11-02 10:44","0","2023-11-02 10:44","0543956","0543956","1","0","","","","","","","","2023-10-19 09:31:49","702","2023-10-19 09:31:49","0","0543956","0543956","2023-10"
"297","イオンアイビス（株）","ＤＸシステム開発Ｇ","0543956","高田　優祈音","在庫調整申請テスト（王）96","倉庫コード,倉庫名,部門コード,部門名,商品コード,品種名,メーカー名,型番,入荷日,ロットNo,原単価,売単価,取引先,仕入伝票No,販売期間,入荷数,単品追加数,単品削除数,入庫数計,出荷済数,ロス数,返品数,不良品数,出荷数計,在庫数,展示品数,出荷準備中数,在庫数計 ? ?111,test,11102,部門テスト1,1110201,,,,,,,,,,,,,,,,,,,,,,, ? ","","","","{\"AgentMode\": \"0\", \"AutoApprovalMode\": \"N\", \"content\": [{\"value\": \"高田　優祈音\", \"name\": \"従業員氏名\"}, {\"value\": \"0543956\", \"name\": \"社員番号\"}, {\"value\": \"イオンアイビス（株）\", \"name\": \"会社名称\"}, {\"value\": \"ＤＸシステム開発Ｇ\", \"name\": \"所属\"}]}","2023-11-02 10:44:10","0543956","2023-11-02 10:44:10","0543956","2","11637","ＤＸシステム開発Ｇ-0543956,真洲句 優祈音は2023-11-02 10:44で開始.","0","","702","0","@0543956,真洲句 優祈音@","真洲句 優祈音","2023-11-02","ＤＸシステム開発Ｇ","2023-11-02 10:44","0","2023-11-02 10:44","0543956","0543956","1","0","","","","","","","","2023-10-19 09:31:49","702","2023-10-19 09:31:49","0","0543956","0543956","2023-10"
"298","イオンアイビス（株）","ＤＸシステム開発Ｇ","0543956","高田　優祈音","在庫調整申請テスト（王）97","倉庫コード,倉庫名,部門コード,部門名,商品コード,品種名,メーカー名,型番,入荷日,ロットNo,原単価,売単価,取引先,仕入伝票No,販売期間,入荷数,単品追加数,単品削除数,入庫数計,出荷済数,ロス数,返品数,不良品数,出荷数計,在庫数,展示品数,出荷準備中数,在庫数計 ? ?111,test,11102,部門テスト1,1110201,,,,,,,,,,,,,,,,,,,,,,, ? ","","","","{\"AgentMode\": \"0\", \"AutoApprovalMode\": \"N\", \"content\": [{\"value\": \"高田　優祈音\", \"name\": \"従業員氏名\"}, {\"value\": \"0543956\", \"name\": \"社員番号\"}, {\"value\": \"イオンアイビス（株）\", \"name\": \"会社名称\"}, {\"value\": \"ＤＸシステム開発Ｇ\", \"name\": \"所属\"}]}","2023-11-02 10:44:10","0543956","2023-11-02 10:44:10","0543956","2","11637","ＤＸシステム開発Ｇ-0543956,真洲句 優祈音は2023-11-02 10:44で開始.","0","","702","0","@0543956,真洲句 優祈音@","真洲句 優祈音","2023-11-02","ＤＸシステム開発Ｇ","2023-11-02 10:44","0","2023-11-02 10:44","0543956","0543956","1","0","","","","","","","","2023-10-19 09:31:49","702","2023-10-19 09:31:49","0","0543956","0543956","2023-10"
"299","イオンアイビス（株）","ＤＸシステム開発Ｇ","0543956","高田　優祈音","在庫調整申請テスト（王）98","倉庫コード,倉庫名,部門コード,部門名,商品コード,品種名,メーカー名,型番,入荷日,ロットNo,原単価,売単価,取引先,仕入伝票No,販売期間,入荷数,単品追加数,単品削除数,入庫数計,出荷済数,ロス数,返品数,不良品数,出荷数計,在庫数,展示品数,出荷準備中数,在庫数計 ? ?111,test,11102,部門テスト1,1110201,,,,,,,,,,,,,,,,,,,,,,, ? ","","","","{\"AgentMode\": \"0\", \"AutoApprovalMode\": \"N\", \"content\": [{\"value\": \"高田　優祈音\", \"name\": \"従業員氏名\"}, {\"value\": \"0543956\", \"name\": \"社員番号\"}, {\"value\": \"イオンアイビス（株）\", \"name\": \"会社名称\"}, {\"value\": \"ＤＸシステム開発Ｇ\", \"name\": \"所属\"}]}","2023-11-02 10:44:10","0543956","2023-11-02 10:44:10","0543956","2","11637","ＤＸシステム開発Ｇ-0543956,真洲句 優祈音は2023-11-02 10:44で開始.","0","","702","0","@0543956,真洲句 優祈音@","真洲句 優祈音","2023-11-02","ＤＸシステム開発Ｇ","2023-11-02 10:44","0","2023-11-02 10:44","0543956","0543956","1","0","","","","","","","","2023-10-19 09:31:49","702","2023-10-19 09:31:49","0","0543956","0543956","2023-10"
"300","イオンアイビス（株）","ＤＸシステム開発Ｇ","0543956","高田　優祈音","在庫調整申請テスト（王）99","倉庫コード,倉庫名,部門コード,部門名,商品コード,品種名,メーカー名,型番,入荷日,ロットNo,原単価,売単価,取引先,仕入伝票No,販売期間,入荷数,単品追加数,単品削除数,入庫数計,出荷済数,ロス数,返品数,不良品数,出荷数計,在庫数,展示品数,出荷準備中数,在庫数計 ? ?111,test,11102,部門テスト1,1110201,,,,,,,,,,,,,,,,,,,,,,, ? ","","","","{\"AgentMode\": \"0\", \"AutoApprovalMode\": \"N\", \"content\": [{\"value\": \"高田　優祈音\", \"name\": \"従業員氏名\"}, {\"value\": \"0543956\", \"name\": \"社員番号\"}, {\"value\": \"イオンアイビス（株）\", \"name\": \"会社名称\"}, {\"value\": \"ＤＸシステム開発Ｇ\", \"name\": \"所属\"}]}","2023-11-02 10:44:10","0543956","2023-11-02 10:44:10","0543956","2","11637","ＤＸシステム開発Ｇ-0543956,真洲句 優祈音は2023-11-02 10:44で開始.","0","","702","0","@0543956,真洲句 優祈音@","真洲句 優祈音","2023-11-02","ＤＸシステム開発Ｇ","2023-11-02 10:44","0","2023-11-02 10:44","0543956","0543956","1","0","","","","","","","","2023-10-19 09:31:49","702","2023-10-19 09:31:49","0","0543956","0543956","2023-10"
"301","イオンアイビス（株）","ＤＸシステム開発Ｇ","0543956","高田　優祈音","在庫調整申請テスト（王）100","倉庫コード,倉庫名,部門コード,部門名,商品コード,品種名,メーカー名,型番,入荷日,ロットNo,原単価,売単価,取引先,仕入伝票No,販売期間,入荷数,単品追加数,単品削除数,入庫数計,出荷済数,ロス数,返品数,不良品数,出荷数計,在庫数,展示品数,出荷準備中数,在庫数計 ? ?111,test,11102,部門テスト1,1110201,,,,,,,,,,,,,,,,,,,,,,, ? ","","","","{\"AgentMode\": \"0\", \"AutoApprovalMode\": \"N\", \"content\": [{\"value\": \"高田　優祈音\", \"name\": \"従業員氏名\"}, {\"value\": \"0543956\", \"name\": \"社員番号\"}, {\"value\": \"イオンアイビス（株）\", \"name\": \"会社名称\"}, {\"value\": \"ＤＸシステム開発Ｇ\", \"name\": \"所属\"}]}","2023-11-02 10:44:10","0543956","2023-11-02 10:44:10","0543956","2","11637","ＤＸシステム開発Ｇ-0543956,真洲句 優祈音は2023-11-02 10:44で開始.","0","","702","0","@0543956,真洲句 優祈音@","真洲句 優祈音","2023-11-02","ＤＸシステム開発Ｇ","2023-11-02 10:44","0","2023-11-02 10:44","0543956","0543956","1","0","","","","","","","","2023-10-19 09:31:49","702","2023-10-19 09:31:49","0","0543956","0543956","2023-10"
