"102","イオンアイビス（株）","ＤＸシステム開発Ｇ","0543956","高田　優祈音","111","test","A01","test","11101","test","入荷返品テスト（王）1","入荷日,仕入伝票No.,返品理由コード,商品名,型番,JANコード,数量,原単価,売単価,総原価,総売価 ?","","","","{\"AgentMode\": \"0\", \"AutoApprovalMode\": \"N\", \"content\": [{\"value\": \"高田　優祈音\", \"name\": \"従業員氏名\"}, {\"value\": \"0543956\", \"name\": \"社員番号\"}, {\"value\": \"イオンアイビス（株）\", \"name\": \"会社名称\"}, {\"value\": \"ＤＸシステム開発Ｇ\", \"name\": \"所属\"}]}","2023-11-06 11:49:45","0543956","2023-11-06 11:49:45","0543956","2","11637","ＤＸシステム開発Ｇ-0543956,真洲句 優祈音は2023-11-06 11:49で開始.","0","","502","0","@0543956,真洲句 優祈音@","真洲句 優祈音","2023-11-06","ＤＸシステム開発Ｇ","2023-11-06 11:49","0","2023-11-06 11:49","0543956","0543956","1","0","","","","","","","","2023-11-06 11:49:45","502","2023-11-06 11:49:45","0","0543956","0543956","2023-10"
"103","イオンアイビス（株）","ＤＸシステム開発Ｇ","0543956","高田　優祈音","111","test","A01","test","11101","test","入荷返品テスト（王）2","入荷日,仕入伝票No.,返品理由コード,商品名,型番,JANコード,数量,原単価,売単価,総原価,総売価 ?","","","","{\"AgentMode\": \"0\", \"AutoApprovalMode\": \"N\", \"content\": [{\"value\": \"高田　優祈音\", \"name\": \"従業員氏名\"}, {\"value\": \"0543956\", \"name\": \"社員番号\"}, {\"value\": \"イオンアイビス（株）\", \"name\": \"会社名称\"}, {\"value\": \"ＤＸシステム開発Ｇ\", \"name\": \"所属\"}]}","2023-11-06 11:49:45","0543956","2023-11-06 11:49:45","0543956","2","11637","ＤＸシステム開発Ｇ-0543956,真洲句 優祈音は2023-11-06 11:49で開始.","0","","502","0","@0543956,真洲句 優祈音@","真洲句 優祈音","2023-11-06","ＤＸシステム開発Ｇ","2023-11-06 11:49","0","2023-11-06 11:49","0543956","0543956","1","0","","","","","","","","2023-11-06 11:49:45","502","2023-11-06 11:49:45","0","0543956","0543956","2023-10"
"104","イオンアイビス（株）","ＤＸシステム開発Ｇ","0543956","高田　優祈音","111","test","A01","test","11101","test","入荷返品テスト（王）3","入荷日,仕入伝票No.,返品理由コード,商品名,型番,JANコード,数量,原単価,売単価,総原価,総売価 ?","","","","{\"AgentMode\": \"0\", \"AutoApprovalMode\": \"N\", \"content\": [{\"value\": \"高田　優祈音\", \"name\": \"従業員氏名\"}, {\"value\": \"0543956\", \"name\": \"社員番号\"}, {\"value\": \"イオンアイビス（株）\", \"name\": \"会社名称\"}, {\"value\": \"ＤＸシステム開発Ｇ\", \"name\": \"所属\"}]}","2023-11-06 11:49:45","0543956","2023-11-06 11:49:45","0543956","2","11637","ＤＸシステム開発Ｇ-0543956,真洲句 優祈音は2023-11-06 11:49で開始.","0","","502","0","@0543956,真洲句 優祈音@","真洲句 優祈音","2023-11-06","ＤＸシステム開発Ｇ","2023-11-06 11:49","0","2023-11-06 11:49","0543956","0543956","1","0","","","","","","","","2023-11-06 11:49:45","502","2023-11-06 11:49:45","0","0543956","0543956","2023-10"
"105","イオンアイビス（株）","ＤＸシステム開発Ｇ","0543956","高田　優祈音","111","test","A01","test","11101","test","入荷返品テスト（王）4","入荷日,仕入伝票No.,返品理由コード,商品名,型番,JANコード,数量,原単価,売単価,総原価,総売価 ?","","","","{\"AgentMode\": \"0\", \"AutoApprovalMode\": \"N\", \"content\": [{\"value\": \"高田　優祈音\", \"name\": \"従業員氏名\"}, {\"value\": \"0543956\", \"name\": \"社員番号\"}, {\"value\": \"イオンアイビス（株）\", \"name\": \"会社名称\"}, {\"value\": \"ＤＸシステム開発Ｇ\", \"name\": \"所属\"}]}","2023-11-06 11:49:45","0543956","2023-11-06 11:49:45","0543956","2","11637","ＤＸシステム開発Ｇ-0543956,真洲句 優祈音は2023-11-06 11:49で開始.","0","","502","0","@0543956,真洲句 優祈音@","真洲句 優祈音","2023-11-06","ＤＸシステム開発Ｇ","2023-11-06 11:49","0","2023-11-06 11:49","0543956","0543956","1","0","","","","","","","","2023-11-06 11:49:45","502","2023-11-06 11:49:45","0","0543956","0543956","2023-10"
"106","イオンアイビス（株）","ＤＸシステム開発Ｇ","0543956","高田　優祈音","111","test","A01","test","11101","test","入荷返品テスト（王）5","入荷日,仕入伝票No.,返品理由コード,商品名,型番,JANコード,数量,原単価,売単価,総原価,総売価 ?","","","","{\"AgentMode\": \"0\", \"AutoApprovalMode\": \"N\", \"content\": [{\"value\": \"高田　優祈音\", \"name\": \"従業員氏名\"}, {\"value\": \"0543956\", \"name\": \"社員番号\"}, {\"value\": \"イオンアイビス（株）\", \"name\": \"会社名称\"}, {\"value\": \"ＤＸシステム開発Ｇ\", \"name\": \"所属\"}]}","2023-11-06 11:49:45","0543956","2023-11-06 11:49:45","0543956","2","11637","ＤＸシステム開発Ｇ-0543956,真洲句 優祈音は2023-11-06 11:49で開始.","0","","502","0","@0543956,真洲句 優祈音@","真洲句 優祈音","2023-11-06","ＤＸシステム開発Ｇ","2023-11-06 11:49","0","2023-11-06 11:49","0543956","0543956","1","0","","","","","","","","2023-11-06 11:49:45","502","2023-11-06 11:49:45","0","0543956","0543956","2023-10"
"107","イオンアイビス（株）","ＤＸシステム開発Ｇ","0543956","高田　優祈音","111","test","A01","test","11101","test","入荷返品テスト（王）6","入荷日,仕入伝票No.,返品理由コード,商品名,型番,JANコード,数量,原単価,売単価,総原価,総売価 ?","","","","{\"AgentMode\": \"0\", \"AutoApprovalMode\": \"N\", \"content\": [{\"value\": \"高田　優祈音\", \"name\": \"従業員氏名\"}, {\"value\": \"0543956\", \"name\": \"社員番号\"}, {\"value\": \"イオンアイビス（株）\", \"name\": \"会社名称\"}, {\"value\": \"ＤＸシステム開発Ｇ\", \"name\": \"所属\"}]}","2023-11-06 11:49:45","0543956","2023-11-06 11:49:45","0543956","2","11637","ＤＸシステム開発Ｇ-0543956,真洲句 優祈音は2023-11-06 11:49で開始.","0","","502","0","@0543956,真洲句 優祈音@","真洲句 優祈音","2023-11-06","ＤＸシステム開発Ｇ","2023-11-06 11:49","0","2023-11-06 11:49","0543956","0543956","1","0","","","","","","","","2023-11-06 11:49:45","502","2023-11-06 11:49:45","0","0543956","0543956","2023-10"
"108","イオンアイビス（株）","ＤＸシステム開発Ｇ","0543956","高田　優祈音","111","test","A01","test","11101","test","入荷返品テスト（王）7","入荷日,仕入伝票No.,返品理由コード,商品名,型番,JANコード,数量,原単価,売単価,総原価,総売価 ?","","","","{\"AgentMode\": \"0\", \"AutoApprovalMode\": \"N\", \"content\": [{\"value\": \"高田　優祈音\", \"name\": \"従業員氏名\"}, {\"value\": \"0543956\", \"name\": \"社員番号\"}, {\"value\": \"イオンアイビス（株）\", \"name\": \"会社名称\"}, {\"value\": \"ＤＸシステム開発Ｇ\", \"name\": \"所属\"}]}","2023-11-06 11:49:45","0543956","2023-11-06 11:49:45","0543956","2","11637","ＤＸシステム開発Ｇ-0543956,真洲句 優祈音は2023-11-06 11:49で開始.","0","","502","0","@0543956,真洲句 優祈音@","真洲句 優祈音","2023-11-06","ＤＸシステム開発Ｇ","2023-11-06 11:49","0","2023-11-06 11:49","0543956","0543956","1","0","","","","","","","","2023-11-06 11:49:45","502","2023-11-06 11:49:45","0","0543956","0543956","2023-10"
"109","イオンアイビス（株）","ＤＸシステム開発Ｇ","0543956","高田　優祈音","111","test","A01","test","11101","test","入荷返品テスト（王）8","入荷日,仕入伝票No.,返品理由コード,商品名,型番,JANコード,数量,原単価,売単価,総原価,総売価 ?","","","","{\"AgentMode\": \"0\", \"AutoApprovalMode\": \"N\", \"content\": [{\"value\": \"高田　優祈音\", \"name\": \"従業員氏名\"}, {\"value\": \"0543956\", \"name\": \"社員番号\"}, {\"value\": \"イオンアイビス（株）\", \"name\": \"会社名称\"}, {\"value\": \"ＤＸシステム開発Ｇ\", \"name\": \"所属\"}]}","2023-11-06 11:49:45","0543956","2023-11-06 11:49:45","0543956","2","11637","ＤＸシステム開発Ｇ-0543956,真洲句 優祈音は2023-11-06 11:49で開始.","0","","502","0","@0543956,真洲句 優祈音@","真洲句 優祈音","2023-11-06","ＤＸシステム開発Ｇ","2023-11-06 11:49","0","2023-11-06 11:49","0543956","0543956","1","0","","","","","","","","2023-11-06 11:49:45","502","2023-11-06 11:49:45","0","0543956","0543956","2023-10"
"110","イオンアイビス（株）","ＤＸシステム開発Ｇ","0543956","高田　優祈音","111","test","A01","test","11101","test","入荷返品テスト（王）9","入荷日,仕入伝票No.,返品理由コード,商品名,型番,JANコード,数量,原単価,売単価,総原価,総売価 ?","","","","{\"AgentMode\": \"0\", \"AutoApprovalMode\": \"N\", \"content\": [{\"value\": \"高田　優祈音\", \"name\": \"従業員氏名\"}, {\"value\": \"0543956\", \"name\": \"社員番号\"}, {\"value\": \"イオンアイビス（株）\", \"name\": \"会社名称\"}, {\"value\": \"ＤＸシステム開発Ｇ\", \"name\": \"所属\"}]}","2023-11-06 11:49:45","0543956","2023-11-06 11:49:45","0543956","2","11637","ＤＸシステム開発Ｇ-0543956,真洲句 優祈音は2023-11-06 11:49で開始.","0","","502","0","@0543956,真洲句 優祈音@","真洲句 優祈音","2023-11-06","ＤＸシステム開発Ｇ","2023-11-06 11:49","0","2023-11-06 11:49","0543956","0543956","1","0","","","","","","","","2023-11-06 11:49:45","502","2023-11-06 11:49:45","0","0543956","0543956","2023-10"
"111","イオンアイビス（株）","ＤＸシステム開発Ｇ","0543956","高田　優祈音","111","test","A01","test","11101","test","入荷返品テスト（王）10","入荷日,仕入伝票No.,返品理由コード,商品名,型番,JANコード,数量,原単価,売単価,総原価,総売価 ?","","","","{\"AgentMode\": \"0\", \"AutoApprovalMode\": \"N\", \"content\": [{\"value\": \"高田　優祈音\", \"name\": \"従業員氏名\"}, {\"value\": \"0543956\", \"name\": \"社員番号\"}, {\"value\": \"イオンアイビス（株）\", \"name\": \"会社名称\"}, {\"value\": \"ＤＸシステム開発Ｇ\", \"name\": \"所属\"}]}","2023-11-06 11:49:45","0543956","2023-11-06 11:49:45","0543956","2","11637","ＤＸシステム開発Ｇ-0543956,真洲句 優祈音は2023-11-06 11:49で開始.","0","","502","0","@0543956,真洲句 優祈音@","真洲句 優祈音","2023-11-06","ＤＸシステム開発Ｇ","2023-11-06 11:49","0","2023-11-06 11:49","0543956","0543956","1","0","","","","","","","","2023-11-06 11:49:45","502","2023-11-06 11:49:45","0","0543956","0543956","2023-10"
"112","イオンアイビス（株）","ＤＸシステム開発Ｇ","0543956","高田　優祈音","111","test","A01","test","11101","test","入荷返品テスト（王）11","入荷日,仕入伝票No.,返品理由コード,商品名,型番,JANコード,数量,原単価,売単価,総原価,総売価 ?","","","","{\"AgentMode\": \"0\", \"AutoApprovalMode\": \"N\", \"content\": [{\"value\": \"高田　優祈音\", \"name\": \"従業員氏名\"}, {\"value\": \"0543956\", \"name\": \"社員番号\"}, {\"value\": \"イオンアイビス（株）\", \"name\": \"会社名称\"}, {\"value\": \"ＤＸシステム開発Ｇ\", \"name\": \"所属\"}]}","2023-11-06 11:49:45","0543956","2023-11-06 11:49:45","0543956","2","11637","ＤＸシステム開発Ｇ-0543956,真洲句 優祈音は2023-11-06 11:49で開始.","0","","502","0","@0543956,真洲句 優祈音@","真洲句 優祈音","2023-11-06","ＤＸシステム開発Ｇ","2023-11-06 11:49","0","2023-11-06 11:49","0543956","0543956","1","0","","","","","","","","2023-11-06 11:49:45","502","2023-11-06 11:49:45","0","0543956","0543956","2023-10"
"113","イオンアイビス（株）","ＤＸシステム開発Ｇ","0543956","高田　優祈音","111","test","A01","test","11101","test","入荷返品テスト（王）12","入荷日,仕入伝票No.,返品理由コード,商品名,型番,JANコード,数量,原単価,売単価,総原価,総売価 ?","","","","{\"AgentMode\": \"0\", \"AutoApprovalMode\": \"N\", \"content\": [{\"value\": \"高田　優祈音\", \"name\": \"従業員氏名\"}, {\"value\": \"0543956\", \"name\": \"社員番号\"}, {\"value\": \"イオンアイビス（株）\", \"name\": \"会社名称\"}, {\"value\": \"ＤＸシステム開発Ｇ\", \"name\": \"所属\"}]}","2023-11-06 11:49:45","0543956","2023-11-06 11:49:45","0543956","2","11637","ＤＸシステム開発Ｇ-0543956,真洲句 優祈音は2023-11-06 11:49で開始.","0","","502","0","@0543956,真洲句 優祈音@","真洲句 優祈音","2023-11-06","ＤＸシステム開発Ｇ","2023-11-06 11:49","0","2023-11-06 11:49","0543956","0543956","1","0","","","","","","","","2023-11-06 11:49:45","502","2023-11-06 11:49:45","0","0543956","0543956","2023-10"
"114","イオンアイビス（株）","ＤＸシステム開発Ｇ","0543956","高田　優祈音","111","test","A01","test","11101","test","入荷返品テスト（王）13","入荷日,仕入伝票No.,返品理由コード,商品名,型番,JANコード,数量,原単価,売単価,総原価,総売価 ?","","","","{\"AgentMode\": \"0\", \"AutoApprovalMode\": \"N\", \"content\": [{\"value\": \"高田　優祈音\", \"name\": \"従業員氏名\"}, {\"value\": \"0543956\", \"name\": \"社員番号\"}, {\"value\": \"イオンアイビス（株）\", \"name\": \"会社名称\"}, {\"value\": \"ＤＸシステム開発Ｇ\", \"name\": \"所属\"}]}","2023-11-06 11:49:45","0543956","2023-11-06 11:49:45","0543956","2","11637","ＤＸシステム開発Ｇ-0543956,真洲句 優祈音は2023-11-06 11:49で開始.","0","","502","0","@0543956,真洲句 優祈音@","真洲句 優祈音","2023-11-06","ＤＸシステム開発Ｇ","2023-11-06 11:49","0","2023-11-06 11:49","0543956","0543956","1","0","","","","","","","","2023-11-06 11:49:45","502","2023-11-06 11:49:45","0","0543956","0543956","2023-10"
"115","イオンアイビス（株）","ＤＸシステム開発Ｇ","0543956","高田　優祈音","111","test","A01","test","11101","test","入荷返品テスト（王）14","入荷日,仕入伝票No.,返品理由コード,商品名,型番,JANコード,数量,原単価,売単価,総原価,総売価 ?","","","","{\"AgentMode\": \"0\", \"AutoApprovalMode\": \"N\", \"content\": [{\"value\": \"高田　優祈音\", \"name\": \"従業員氏名\"}, {\"value\": \"0543956\", \"name\": \"社員番号\"}, {\"value\": \"イオンアイビス（株）\", \"name\": \"会社名称\"}, {\"value\": \"ＤＸシステム開発Ｇ\", \"name\": \"所属\"}]}","2023-11-06 11:49:45","0543956","2023-11-06 11:49:45","0543956","2","11637","ＤＸシステム開発Ｇ-0543956,真洲句 優祈音は2023-11-06 11:49で開始.","0","","502","0","@0543956,真洲句 優祈音@","真洲句 優祈音","2023-11-06","ＤＸシステム開発Ｇ","2023-11-06 11:49","0","2023-11-06 11:49","0543956","0543956","1","0","","","","","","","","2023-11-06 11:49:45","502","2023-11-06 11:49:45","0","0543956","0543956","2023-10"
"116","イオンアイビス（株）","ＤＸシステム開発Ｇ","0543956","高田　優祈音","111","test","A01","test","11101","test","入荷返品テスト（王）15","入荷日,仕入伝票No.,返品理由コード,商品名,型番,JANコード,数量,原単価,売単価,総原価,総売価 ?","","","","{\"AgentMode\": \"0\", \"AutoApprovalMode\": \"N\", \"content\": [{\"value\": \"高田　優祈音\", \"name\": \"従業員氏名\"}, {\"value\": \"0543956\", \"name\": \"社員番号\"}, {\"value\": \"イオンアイビス（株）\", \"name\": \"会社名称\"}, {\"value\": \"ＤＸシステム開発Ｇ\", \"name\": \"所属\"}]}","2023-11-06 11:49:45","0543956","2023-11-06 11:49:45","0543956","2","11637","ＤＸシステム開発Ｇ-0543956,真洲句 優祈音は2023-11-06 11:49で開始.","0","","502","0","@0543956,真洲句 優祈音@","真洲句 優祈音","2023-11-06","ＤＸシステム開発Ｇ","2023-11-06 11:49","0","2023-11-06 11:49","0543956","0543956","1","0","","","","","","","","2023-11-06 11:49:45","502","2023-11-06 11:49:45","0","0543956","0543956","2023-10"
"117","イオンアイビス（株）","ＤＸシステム開発Ｇ","0543956","高田　優祈音","111","test","A01","test","11101","test","入荷返品テスト（王）16","入荷日,仕入伝票No.,返品理由コード,商品名,型番,JANコード,数量,原単価,売単価,総原価,総売価 ?","","","","{\"AgentMode\": \"0\", \"AutoApprovalMode\": \"N\", \"content\": [{\"value\": \"高田　優祈音\", \"name\": \"従業員氏名\"}, {\"value\": \"0543956\", \"name\": \"社員番号\"}, {\"value\": \"イオンアイビス（株）\", \"name\": \"会社名称\"}, {\"value\": \"ＤＸシステム開発Ｇ\", \"name\": \"所属\"}]}","2023-11-06 11:49:45","0543956","2023-11-06 11:49:45","0543956","2","11637","ＤＸシステム開発Ｇ-0543956,真洲句 優祈音は2023-11-06 11:49で開始.","0","","502","0","@0543956,真洲句 優祈音@","真洲句 優祈音","2023-11-06","ＤＸシステム開発Ｇ","2023-11-06 11:49","0","2023-11-06 11:49","0543956","0543956","1","0","","","","","","","","2023-11-06 11:49:45","502","2023-11-06 11:49:45","0","0543956","0543956","2023-10"
"118","イオンアイビス（株）","ＤＸシステム開発Ｇ","0543956","高田　優祈音","111","test","A01","test","11101","test","入荷返品テスト（王）17","入荷日,仕入伝票No.,返品理由コード,商品名,型番,JANコード,数量,原単価,売単価,総原価,総売価 ?","","","","{\"AgentMode\": \"0\", \"AutoApprovalMode\": \"N\", \"content\": [{\"value\": \"高田　優祈音\", \"name\": \"従業員氏名\"}, {\"value\": \"0543956\", \"name\": \"社員番号\"}, {\"value\": \"イオンアイビス（株）\", \"name\": \"会社名称\"}, {\"value\": \"ＤＸシステム開発Ｇ\", \"name\": \"所属\"}]}","2023-11-06 11:49:45","0543956","2023-11-06 11:49:45","0543956","2","11637","ＤＸシステム開発Ｇ-0543956,真洲句 優祈音は2023-11-06 11:49で開始.","0","","502","0","@0543956,真洲句 優祈音@","真洲句 優祈音","2023-11-06","ＤＸシステム開発Ｇ","2023-11-06 11:49","0","2023-11-06 11:49","0543956","0543956","1","0","","","","","","","","2023-11-06 11:49:45","502","2023-11-06 11:49:45","0","0543956","0543956","2023-10"
"119","イオンアイビス（株）","ＤＸシステム開発Ｇ","0543956","高田　優祈音","111","test","A01","test","11101","test","入荷返品テスト（王）18","入荷日,仕入伝票No.,返品理由コード,商品名,型番,JANコード,数量,原単価,売単価,総原価,総売価 ?","","","","{\"AgentMode\": \"0\", \"AutoApprovalMode\": \"N\", \"content\": [{\"value\": \"高田　優祈音\", \"name\": \"従業員氏名\"}, {\"value\": \"0543956\", \"name\": \"社員番号\"}, {\"value\": \"イオンアイビス（株）\", \"name\": \"会社名称\"}, {\"value\": \"ＤＸシステム開発Ｇ\", \"name\": \"所属\"}]}","2023-11-06 11:49:45","0543956","2023-11-06 11:49:45","0543956","2","11637","ＤＸシステム開発Ｇ-0543956,真洲句 優祈音は2023-11-06 11:49で開始.","0","","502","0","@0543956,真洲句 優祈音@","真洲句 優祈音","2023-11-06","ＤＸシステム開発Ｇ","2023-11-06 11:49","0","2023-11-06 11:49","0543956","0543956","1","0","","","","","","","","2023-11-06 11:49:45","502","2023-11-06 11:49:45","0","0543956","0543956","2023-10"
"120","イオンアイビス（株）","ＤＸシステム開発Ｇ","0543956","高田　優祈音","111","test","A01","test","11101","test","入荷返品テスト（王）19","入荷日,仕入伝票No.,返品理由コード,商品名,型番,JANコード,数量,原単価,売単価,総原価,総売価 ?","","","","{\"AgentMode\": \"0\", \"AutoApprovalMode\": \"N\", \"content\": [{\"value\": \"高田　優祈音\", \"name\": \"従業員氏名\"}, {\"value\": \"0543956\", \"name\": \"社員番号\"}, {\"value\": \"イオンアイビス（株）\", \"name\": \"会社名称\"}, {\"value\": \"ＤＸシステム開発Ｇ\", \"name\": \"所属\"}]}","2023-11-06 11:49:45","0543956","2023-11-06 11:49:45","0543956","2","11637","ＤＸシステム開発Ｇ-0543956,真洲句 優祈音は2023-11-06 11:49で開始.","0","","502","0","@0543956,真洲句 優祈音@","真洲句 優祈音","2023-11-06","ＤＸシステム開発Ｇ","2023-11-06 11:49","0","2023-11-06 11:49","0543956","0543956","1","0","","","","","","","","2023-11-06 11:49:45","502","2023-11-06 11:49:45","0","0543956","0543956","2023-10"
"121","イオンアイビス（株）","ＤＸシステム開発Ｇ","0543956","高田　優祈音","111","test","A01","test","11101","test","入荷返品テスト（王）20","入荷日,仕入伝票No.,返品理由コード,商品名,型番,JANコード,数量,原単価,売単価,総原価,総売価 ?","","","","{\"AgentMode\": \"0\", \"AutoApprovalMode\": \"N\", \"content\": [{\"value\": \"高田　優祈音\", \"name\": \"従業員氏名\"}, {\"value\": \"0543956\", \"name\": \"社員番号\"}, {\"value\": \"イオンアイビス（株）\", \"name\": \"会社名称\"}, {\"value\": \"ＤＸシステム開発Ｇ\", \"name\": \"所属\"}]}","2023-11-06 11:49:45","0543956","2023-11-06 11:49:45","0543956","2","11637","ＤＸシステム開発Ｇ-0543956,真洲句 優祈音は2023-11-06 11:49で開始.","0","","502","0","@0543956,真洲句 優祈音@","真洲句 優祈音","2023-11-06","ＤＸシステム開発Ｇ","2023-11-06 11:49","0","2023-11-06 11:49","0543956","0543956","1","0","","","","","","","","2023-11-06 11:49:45","502","2023-11-06 11:49:45","0","0543956","0543956","2023-10"
"122","イオンアイビス（株）","ＤＸシステム開発Ｇ","0543956","高田　優祈音","111","test","A01","test","11101","test","入荷返品テスト（王）21","入荷日,仕入伝票No.,返品理由コード,商品名,型番,JANコード,数量,原単価,売単価,総原価,総売価 ?","","","","{\"AgentMode\": \"0\", \"AutoApprovalMode\": \"N\", \"content\": [{\"value\": \"高田　優祈音\", \"name\": \"従業員氏名\"}, {\"value\": \"0543956\", \"name\": \"社員番号\"}, {\"value\": \"イオンアイビス（株）\", \"name\": \"会社名称\"}, {\"value\": \"ＤＸシステム開発Ｇ\", \"name\": \"所属\"}]}","2023-11-06 11:49:45","0543956","2023-11-06 11:49:45","0543956","2","11637","ＤＸシステム開発Ｇ-0543956,真洲句 優祈音は2023-11-06 11:49で開始.","0","","502","0","@0543956,真洲句 優祈音@","真洲句 優祈音","2023-11-06","ＤＸシステム開発Ｇ","2023-11-06 11:49","0","2023-11-06 11:49","0543956","0543956","1","0","","","","","","","","2023-11-06 11:49:45","502","2023-11-06 11:49:45","0","0543956","0543956","2023-10"
"123","イオンアイビス（株）","ＤＸシステム開発Ｇ","0543956","高田　優祈音","111","test","A01","test","11101","test","入荷返品テスト（王）22","入荷日,仕入伝票No.,返品理由コード,商品名,型番,JANコード,数量,原単価,売単価,総原価,総売価 ?","","","","{\"AgentMode\": \"0\", \"AutoApprovalMode\": \"N\", \"content\": [{\"value\": \"高田　優祈音\", \"name\": \"従業員氏名\"}, {\"value\": \"0543956\", \"name\": \"社員番号\"}, {\"value\": \"イオンアイビス（株）\", \"name\": \"会社名称\"}, {\"value\": \"ＤＸシステム開発Ｇ\", \"name\": \"所属\"}]}","2023-11-06 11:49:45","0543956","2023-11-06 11:49:45","0543956","2","11637","ＤＸシステム開発Ｇ-0543956,真洲句 優祈音は2023-11-06 11:49で開始.","0","","502","0","@0543956,真洲句 優祈音@","真洲句 優祈音","2023-11-06","ＤＸシステム開発Ｇ","2023-11-06 11:49","0","2023-11-06 11:49","0543956","0543956","1","0","","","","","","","","2023-11-06 11:49:45","502","2023-11-06 11:49:45","0","0543956","0543956","2023-10"
"124","イオンアイビス（株）","ＤＸシステム開発Ｇ","0543956","高田　優祈音","111","test","A01","test","11101","test","入荷返品テスト（王）23","入荷日,仕入伝票No.,返品理由コード,商品名,型番,JANコード,数量,原単価,売単価,総原価,総売価 ?","","","","{\"AgentMode\": \"0\", \"AutoApprovalMode\": \"N\", \"content\": [{\"value\": \"高田　優祈音\", \"name\": \"従業員氏名\"}, {\"value\": \"0543956\", \"name\": \"社員番号\"}, {\"value\": \"イオンアイビス（株）\", \"name\": \"会社名称\"}, {\"value\": \"ＤＸシステム開発Ｇ\", \"name\": \"所属\"}]}","2023-11-06 11:49:45","0543956","2023-11-06 11:49:45","0543956","2","11637","ＤＸシステム開発Ｇ-0543956,真洲句 優祈音は2023-11-06 11:49で開始.","0","","502","0","@0543956,真洲句 優祈音@","真洲句 優祈音","2023-11-06","ＤＸシステム開発Ｇ","2023-11-06 11:49","0","2023-11-06 11:49","0543956","0543956","1","0","","","","","","","","2023-11-06 11:49:45","502","2023-11-06 11:49:45","0","0543956","0543956","2023-10"
"125","イオンアイビス（株）","ＤＸシステム開発Ｇ","0543956","高田　優祈音","111","test","A01","test","11101","test","入荷返品テスト（王）24","入荷日,仕入伝票No.,返品理由コード,商品名,型番,JANコード,数量,原単価,売単価,総原価,総売価 ?","","","","{\"AgentMode\": \"0\", \"AutoApprovalMode\": \"N\", \"content\": [{\"value\": \"高田　優祈音\", \"name\": \"従業員氏名\"}, {\"value\": \"0543956\", \"name\": \"社員番号\"}, {\"value\": \"イオンアイビス（株）\", \"name\": \"会社名称\"}, {\"value\": \"ＤＸシステム開発Ｇ\", \"name\": \"所属\"}]}","2023-11-06 11:49:45","0543956","2023-11-06 11:49:45","0543956","2","11637","ＤＸシステム開発Ｇ-0543956,真洲句 優祈音は2023-11-06 11:49で開始.","0","","502","0","@0543956,真洲句 優祈音@","真洲句 優祈音","2023-11-06","ＤＸシステム開発Ｇ","2023-11-06 11:49","0","2023-11-06 11:49","0543956","0543956","1","0","","","","","","","","2023-11-06 11:49:45","502","2023-11-06 11:49:45","0","0543956","0543956","2023-10"
"126","イオンアイビス（株）","ＤＸシステム開発Ｇ","0543956","高田　優祈音","111","test","A01","test","11101","test","入荷返品テスト（王）25","入荷日,仕入伝票No.,返品理由コード,商品名,型番,JANコード,数量,原単価,売単価,総原価,総売価 ?","","","","{\"AgentMode\": \"0\", \"AutoApprovalMode\": \"N\", \"content\": [{\"value\": \"高田　優祈音\", \"name\": \"従業員氏名\"}, {\"value\": \"0543956\", \"name\": \"社員番号\"}, {\"value\": \"イオンアイビス（株）\", \"name\": \"会社名称\"}, {\"value\": \"ＤＸシステム開発Ｇ\", \"name\": \"所属\"}]}","2023-11-06 11:49:45","0543956","2023-11-06 11:49:45","0543956","2","11637","ＤＸシステム開発Ｇ-0543956,真洲句 優祈音は2023-11-06 11:49で開始.","0","","502","0","@0543956,真洲句 優祈音@","真洲句 優祈音","2023-11-06","ＤＸシステム開発Ｇ","2023-11-06 11:49","0","2023-11-06 11:49","0543956","0543956","1","0","","","","","","","","2023-11-06 11:49:45","502","2023-11-06 11:49:45","0","0543956","0543956","2023-10"
"127","イオンアイビス（株）","ＤＸシステム開発Ｇ","0543956","高田　優祈音","111","test","A01","test","11101","test","入荷返品テスト（王）26","入荷日,仕入伝票No.,返品理由コード,商品名,型番,JANコード,数量,原単価,売単価,総原価,総売価 ?","","","","{\"AgentMode\": \"0\", \"AutoApprovalMode\": \"N\", \"content\": [{\"value\": \"高田　優祈音\", \"name\": \"従業員氏名\"}, {\"value\": \"0543956\", \"name\": \"社員番号\"}, {\"value\": \"イオンアイビス（株）\", \"name\": \"会社名称\"}, {\"value\": \"ＤＸシステム開発Ｇ\", \"name\": \"所属\"}]}","2023-11-06 11:49:45","0543956","2023-11-06 11:49:45","0543956","2","11637","ＤＸシステム開発Ｇ-0543956,真洲句 優祈音は2023-11-06 11:49で開始.","0","","502","0","@0543956,真洲句 優祈音@","真洲句 優祈音","2023-11-06","ＤＸシステム開発Ｇ","2023-11-06 11:49","0","2023-11-06 11:49","0543956","0543956","1","0","","","","","","","","2023-11-06 11:49:45","502","2023-11-06 11:49:45","0","0543956","0543956","2023-10"
"128","イオンアイビス（株）","ＤＸシステム開発Ｇ","0543956","高田　優祈音","111","test","A01","test","11101","test","入荷返品テスト（王）27","入荷日,仕入伝票No.,返品理由コード,商品名,型番,JANコード,数量,原単価,売単価,総原価,総売価 ?","","","","{\"AgentMode\": \"0\", \"AutoApprovalMode\": \"N\", \"content\": [{\"value\": \"高田　優祈音\", \"name\": \"従業員氏名\"}, {\"value\": \"0543956\", \"name\": \"社員番号\"}, {\"value\": \"イオンアイビス（株）\", \"name\": \"会社名称\"}, {\"value\": \"ＤＸシステム開発Ｇ\", \"name\": \"所属\"}]}","2023-11-06 11:49:45","0543956","2023-11-06 11:49:45","0543956","2","11637","ＤＸシステム開発Ｇ-0543956,真洲句 優祈音は2023-11-06 11:49で開始.","0","","502","0","@0543956,真洲句 優祈音@","真洲句 優祈音","2023-11-06","ＤＸシステム開発Ｇ","2023-11-06 11:49","0","2023-11-06 11:49","0543956","0543956","1","0","","","","","","","","2023-11-06 11:49:45","502","2023-11-06 11:49:45","0","0543956","0543956","2023-10"
"129","イオンアイビス（株）","ＤＸシステム開発Ｇ","0543956","高田　優祈音","111","test","A01","test","11101","test","入荷返品テスト（王）28","入荷日,仕入伝票No.,返品理由コード,商品名,型番,JANコード,数量,原単価,売単価,総原価,総売価 ?","","","","{\"AgentMode\": \"0\", \"AutoApprovalMode\": \"N\", \"content\": [{\"value\": \"高田　優祈音\", \"name\": \"従業員氏名\"}, {\"value\": \"0543956\", \"name\": \"社員番号\"}, {\"value\": \"イオンアイビス（株）\", \"name\": \"会社名称\"}, {\"value\": \"ＤＸシステム開発Ｇ\", \"name\": \"所属\"}]}","2023-11-06 11:49:45","0543956","2023-11-06 11:49:45","0543956","2","11637","ＤＸシステム開発Ｇ-0543956,真洲句 優祈音は2023-11-06 11:49で開始.","0","","502","0","@0543956,真洲句 優祈音@","真洲句 優祈音","2023-11-06","ＤＸシステム開発Ｇ","2023-11-06 11:49","0","2023-11-06 11:49","0543956","0543956","1","0","","","","","","","","2023-11-06 11:49:45","502","2023-11-06 11:49:45","0","0543956","0543956","2023-10"
"130","イオンアイビス（株）","ＤＸシステム開発Ｇ","0543956","高田　優祈音","111","test","A01","test","11101","test","入荷返品テスト（王）29","入荷日,仕入伝票No.,返品理由コード,商品名,型番,JANコード,数量,原単価,売単価,総原価,総売価 ?","","","","{\"AgentMode\": \"0\", \"AutoApprovalMode\": \"N\", \"content\": [{\"value\": \"高田　優祈音\", \"name\": \"従業員氏名\"}, {\"value\": \"0543956\", \"name\": \"社員番号\"}, {\"value\": \"イオンアイビス（株）\", \"name\": \"会社名称\"}, {\"value\": \"ＤＸシステム開発Ｇ\", \"name\": \"所属\"}]}","2023-11-06 11:49:45","0543956","2023-11-06 11:49:45","0543956","2","11637","ＤＸシステム開発Ｇ-0543956,真洲句 優祈音は2023-11-06 11:49で開始.","0","","502","0","@0543956,真洲句 優祈音@","真洲句 優祈音","2023-11-06","ＤＸシステム開発Ｇ","2023-11-06 11:49","0","2023-11-06 11:49","0543956","0543956","1","0","","","","","","","","2023-11-06 11:49:45","502","2023-11-06 11:49:45","0","0543956","0543956","2023-10"
"131","イオンアイビス（株）","ＤＸシステム開発Ｇ","0543956","高田　優祈音","111","test","A01","test","11101","test","入荷返品テスト（王）30","入荷日,仕入伝票No.,返品理由コード,商品名,型番,JANコード,数量,原単価,売単価,総原価,総売価 ?","","","","{\"AgentMode\": \"0\", \"AutoApprovalMode\": \"N\", \"content\": [{\"value\": \"高田　優祈音\", \"name\": \"従業員氏名\"}, {\"value\": \"0543956\", \"name\": \"社員番号\"}, {\"value\": \"イオンアイビス（株）\", \"name\": \"会社名称\"}, {\"value\": \"ＤＸシステム開発Ｇ\", \"name\": \"所属\"}]}","2023-11-06 11:49:45","0543956","2023-11-06 11:49:45","0543956","2","11637","ＤＸシステム開発Ｇ-0543956,真洲句 優祈音は2023-11-06 11:49で開始.","0","","502","0","@0543956,真洲句 優祈音@","真洲句 優祈音","2023-11-06","ＤＸシステム開発Ｇ","2023-11-06 11:49","0","2023-11-06 11:49","0543956","0543956","1","0","","","","","","","","2023-11-06 11:49:45","502","2023-11-06 11:49:45","0","0543956","0543956","2023-10"
"132","イオンアイビス（株）","ＤＸシステム開発Ｇ","0543956","高田　優祈音","111","test","A01","test","11101","test","入荷返品テスト（王）31","入荷日,仕入伝票No.,返品理由コード,商品名,型番,JANコード,数量,原単価,売単価,総原価,総売価 ?","","","","{\"AgentMode\": \"0\", \"AutoApprovalMode\": \"N\", \"content\": [{\"value\": \"高田　優祈音\", \"name\": \"従業員氏名\"}, {\"value\": \"0543956\", \"name\": \"社員番号\"}, {\"value\": \"イオンアイビス（株）\", \"name\": \"会社名称\"}, {\"value\": \"ＤＸシステム開発Ｇ\", \"name\": \"所属\"}]}","2023-11-06 11:49:45","0543956","2023-11-06 11:49:45","0543956","2","11637","ＤＸシステム開発Ｇ-0543956,真洲句 優祈音は2023-11-06 11:49で開始.","0","","502","0","@0543956,真洲句 優祈音@","真洲句 優祈音","2023-11-06","ＤＸシステム開発Ｇ","2023-11-06 11:49","0","2023-11-06 11:49","0543956","0543956","1","0","","","","","","","","2023-11-06 11:49:45","502","2023-11-06 11:49:45","0","0543956","0543956","2023-10"
"133","イオンアイビス（株）","ＤＸシステム開発Ｇ","0543956","高田　優祈音","111","test","A01","test","11101","test","入荷返品テスト（王）32","入荷日,仕入伝票No.,返品理由コード,商品名,型番,JANコード,数量,原単価,売単価,総原価,総売価 ?","","","","{\"AgentMode\": \"0\", \"AutoApprovalMode\": \"N\", \"content\": [{\"value\": \"高田　優祈音\", \"name\": \"従業員氏名\"}, {\"value\": \"0543956\", \"name\": \"社員番号\"}, {\"value\": \"イオンアイビス（株）\", \"name\": \"会社名称\"}, {\"value\": \"ＤＸシステム開発Ｇ\", \"name\": \"所属\"}]}","2023-11-06 11:49:45","0543956","2023-11-06 11:49:45","0543956","2","11637","ＤＸシステム開発Ｇ-0543956,真洲句 優祈音は2023-11-06 11:49で開始.","0","","502","0","@0543956,真洲句 優祈音@","真洲句 優祈音","2023-11-06","ＤＸシステム開発Ｇ","2023-11-06 11:49","0","2023-11-06 11:49","0543956","0543956","1","0","","","","","","","","2023-11-06 11:49:45","502","2023-11-06 11:49:45","0","0543956","0543956","2023-10"
"134","イオンアイビス（株）","ＤＸシステム開発Ｇ","0543956","高田　優祈音","111","test","A01","test","11101","test","入荷返品テスト（王）33","入荷日,仕入伝票No.,返品理由コード,商品名,型番,JANコード,数量,原単価,売単価,総原価,総売価 ?","","","","{\"AgentMode\": \"0\", \"AutoApprovalMode\": \"N\", \"content\": [{\"value\": \"高田　優祈音\", \"name\": \"従業員氏名\"}, {\"value\": \"0543956\", \"name\": \"社員番号\"}, {\"value\": \"イオンアイビス（株）\", \"name\": \"会社名称\"}, {\"value\": \"ＤＸシステム開発Ｇ\", \"name\": \"所属\"}]}","2023-11-06 11:49:45","0543956","2023-11-06 11:49:45","0543956","2","11637","ＤＸシステム開発Ｇ-0543956,真洲句 優祈音は2023-11-06 11:49で開始.","0","","502","0","@0543956,真洲句 優祈音@","真洲句 優祈音","2023-11-06","ＤＸシステム開発Ｇ","2023-11-06 11:49","0","2023-11-06 11:49","0543956","0543956","1","0","","","","","","","","2023-11-06 11:49:45","502","2023-11-06 11:49:45","0","0543956","0543956","2023-10"
"135","イオンアイビス（株）","ＤＸシステム開発Ｇ","0543956","高田　優祈音","111","test","A01","test","11101","test","入荷返品テスト（王）34","入荷日,仕入伝票No.,返品理由コード,商品名,型番,JANコード,数量,原単価,売単価,総原価,総売価 ?","","","","{\"AgentMode\": \"0\", \"AutoApprovalMode\": \"N\", \"content\": [{\"value\": \"高田　優祈音\", \"name\": \"従業員氏名\"}, {\"value\": \"0543956\", \"name\": \"社員番号\"}, {\"value\": \"イオンアイビス（株）\", \"name\": \"会社名称\"}, {\"value\": \"ＤＸシステム開発Ｇ\", \"name\": \"所属\"}]}","2023-11-06 11:49:45","0543956","2023-11-06 11:49:45","0543956","2","11637","ＤＸシステム開発Ｇ-0543956,真洲句 優祈音は2023-11-06 11:49で開始.","0","","502","0","@0543956,真洲句 優祈音@","真洲句 優祈音","2023-11-06","ＤＸシステム開発Ｇ","2023-11-06 11:49","0","2023-11-06 11:49","0543956","0543956","1","0","","","","","","","","2023-11-06 11:49:45","502","2023-11-06 11:49:45","0","0543956","0543956","2023-10"
"136","イオンアイビス（株）","ＤＸシステム開発Ｇ","0543956","高田　優祈音","111","test","A01","test","11101","test","入荷返品テスト（王）35","入荷日,仕入伝票No.,返品理由コード,商品名,型番,JANコード,数量,原単価,売単価,総原価,総売価 ?","","","","{\"AgentMode\": \"0\", \"AutoApprovalMode\": \"N\", \"content\": [{\"value\": \"高田　優祈音\", \"name\": \"従業員氏名\"}, {\"value\": \"0543956\", \"name\": \"社員番号\"}, {\"value\": \"イオンアイビス（株）\", \"name\": \"会社名称\"}, {\"value\": \"ＤＸシステム開発Ｇ\", \"name\": \"所属\"}]}","2023-11-06 11:49:45","0543956","2023-11-06 11:49:45","0543956","2","11637","ＤＸシステム開発Ｇ-0543956,真洲句 優祈音は2023-11-06 11:49で開始.","0","","502","0","@0543956,真洲句 優祈音@","真洲句 優祈音","2023-11-06","ＤＸシステム開発Ｇ","2023-11-06 11:49","0","2023-11-06 11:49","0543956","0543956","1","0","","","","","","","","2023-11-06 11:49:45","502","2023-11-06 11:49:45","0","0543956","0543956","2023-10"
"137","イオンアイビス（株）","ＤＸシステム開発Ｇ","0543956","高田　優祈音","111","test","A01","test","11101","test","入荷返品テスト（王）36","入荷日,仕入伝票No.,返品理由コード,商品名,型番,JANコード,数量,原単価,売単価,総原価,総売価 ?","","","","{\"AgentMode\": \"0\", \"AutoApprovalMode\": \"N\", \"content\": [{\"value\": \"高田　優祈音\", \"name\": \"従業員氏名\"}, {\"value\": \"0543956\", \"name\": \"社員番号\"}, {\"value\": \"イオンアイビス（株）\", \"name\": \"会社名称\"}, {\"value\": \"ＤＸシステム開発Ｇ\", \"name\": \"所属\"}]}","2023-11-06 11:49:45","0543956","2023-11-06 11:49:45","0543956","2","11637","ＤＸシステム開発Ｇ-0543956,真洲句 優祈音は2023-11-06 11:49で開始.","0","","502","0","@0543956,真洲句 優祈音@","真洲句 優祈音","2023-11-06","ＤＸシステム開発Ｇ","2023-11-06 11:49","0","2023-11-06 11:49","0543956","0543956","1","0","","","","","","","","2023-11-06 11:49:45","502","2023-11-06 11:49:45","0","0543956","0543956","2023-10"
"138","イオンアイビス（株）","ＤＸシステム開発Ｇ","0543956","高田　優祈音","111","test","A01","test","11101","test","入荷返品テスト（王）37","入荷日,仕入伝票No.,返品理由コード,商品名,型番,JANコード,数量,原単価,売単価,総原価,総売価 ?","","","","{\"AgentMode\": \"0\", \"AutoApprovalMode\": \"N\", \"content\": [{\"value\": \"高田　優祈音\", \"name\": \"従業員氏名\"}, {\"value\": \"0543956\", \"name\": \"社員番号\"}, {\"value\": \"イオンアイビス（株）\", \"name\": \"会社名称\"}, {\"value\": \"ＤＸシステム開発Ｇ\", \"name\": \"所属\"}]}","2023-11-06 11:49:45","0543956","2023-11-06 11:49:45","0543956","2","11637","ＤＸシステム開発Ｇ-0543956,真洲句 優祈音は2023-11-06 11:49で開始.","0","","502","0","@0543956,真洲句 優祈音@","真洲句 優祈音","2023-11-06","ＤＸシステム開発Ｇ","2023-11-06 11:49","0","2023-11-06 11:49","0543956","0543956","1","0","","","","","","","","2023-11-06 11:49:45","502","2023-11-06 11:49:45","0","0543956","0543956","2023-10"
"139","イオンアイビス（株）","ＤＸシステム開発Ｇ","0543956","高田　優祈音","111","test","A01","test","11101","test","入荷返品テスト（王）38","入荷日,仕入伝票No.,返品理由コード,商品名,型番,JANコード,数量,原単価,売単価,総原価,総売価 ?","","","","{\"AgentMode\": \"0\", \"AutoApprovalMode\": \"N\", \"content\": [{\"value\": \"高田　優祈音\", \"name\": \"従業員氏名\"}, {\"value\": \"0543956\", \"name\": \"社員番号\"}, {\"value\": \"イオンアイビス（株）\", \"name\": \"会社名称\"}, {\"value\": \"ＤＸシステム開発Ｇ\", \"name\": \"所属\"}]}","2023-11-06 11:49:45","0543956","2023-11-06 11:49:45","0543956","2","11637","ＤＸシステム開発Ｇ-0543956,真洲句 優祈音は2023-11-06 11:49で開始.","0","","502","0","@0543956,真洲句 優祈音@","真洲句 優祈音","2023-11-06","ＤＸシステム開発Ｇ","2023-11-06 11:49","0","2023-11-06 11:49","0543956","0543956","1","0","","","","","","","","2023-11-06 11:49:45","502","2023-11-06 11:49:45","0","0543956","0543956","2023-10"
"140","イオンアイビス（株）","ＤＸシステム開発Ｇ","0543956","高田　優祈音","111","test","A01","test","11101","test","入荷返品テスト（王）39","入荷日,仕入伝票No.,返品理由コード,商品名,型番,JANコード,数量,原単価,売単価,総原価,総売価 ?","","","","{\"AgentMode\": \"0\", \"AutoApprovalMode\": \"N\", \"content\": [{\"value\": \"高田　優祈音\", \"name\": \"従業員氏名\"}, {\"value\": \"0543956\", \"name\": \"社員番号\"}, {\"value\": \"イオンアイビス（株）\", \"name\": \"会社名称\"}, {\"value\": \"ＤＸシステム開発Ｇ\", \"name\": \"所属\"}]}","2023-11-06 11:49:45","0543956","2023-11-06 11:49:45","0543956","2","11637","ＤＸシステム開発Ｇ-0543956,真洲句 優祈音は2023-11-06 11:49で開始.","0","","502","0","@0543956,真洲句 優祈音@","真洲句 優祈音","2023-11-06","ＤＸシステム開発Ｇ","2023-11-06 11:49","0","2023-11-06 11:49","0543956","0543956","1","0","","","","","","","","2023-11-06 11:49:45","502","2023-11-06 11:49:45","0","0543956","0543956","2023-10"
"141","イオンアイビス（株）","ＤＸシステム開発Ｇ","0543956","高田　優祈音","111","test","A01","test","11101","test","入荷返品テスト（王）40","入荷日,仕入伝票No.,返品理由コード,商品名,型番,JANコード,数量,原単価,売単価,総原価,総売価 ?","","","","{\"AgentMode\": \"0\", \"AutoApprovalMode\": \"N\", \"content\": [{\"value\": \"高田　優祈音\", \"name\": \"従業員氏名\"}, {\"value\": \"0543956\", \"name\": \"社員番号\"}, {\"value\": \"イオンアイビス（株）\", \"name\": \"会社名称\"}, {\"value\": \"ＤＸシステム開発Ｇ\", \"name\": \"所属\"}]}","2023-11-06 11:49:45","0543956","2023-11-06 11:49:45","0543956","2","11637","ＤＸシステム開発Ｇ-0543956,真洲句 優祈音は2023-11-06 11:49で開始.","0","","502","0","@0543956,真洲句 優祈音@","真洲句 優祈音","2023-11-06","ＤＸシステム開発Ｇ","2023-11-06 11:49","0","2023-11-06 11:49","0543956","0543956","1","0","","","","","","","","2023-11-06 11:49:45","502","2023-11-06 11:49:45","0","0543956","0543956","2023-10"
"142","イオンアイビス（株）","ＤＸシステム開発Ｇ","0543956","高田　優祈音","111","test","A01","test","11101","test","入荷返品テスト（王）41","入荷日,仕入伝票No.,返品理由コード,商品名,型番,JANコード,数量,原単価,売単価,総原価,総売価 ?","","","","{\"AgentMode\": \"0\", \"AutoApprovalMode\": \"N\", \"content\": [{\"value\": \"高田　優祈音\", \"name\": \"従業員氏名\"}, {\"value\": \"0543956\", \"name\": \"社員番号\"}, {\"value\": \"イオンアイビス（株）\", \"name\": \"会社名称\"}, {\"value\": \"ＤＸシステム開発Ｇ\", \"name\": \"所属\"}]}","2023-11-06 11:49:45","0543956","2023-11-06 11:49:45","0543956","2","11637","ＤＸシステム開発Ｇ-0543956,真洲句 優祈音は2023-11-06 11:49で開始.","0","","502","0","@0543956,真洲句 優祈音@","真洲句 優祈音","2023-11-06","ＤＸシステム開発Ｇ","2023-11-06 11:49","0","2023-11-06 11:49","0543956","0543956","1","0","","","","","","","","2023-11-06 11:49:45","502","2023-11-06 11:49:45","0","0543956","0543956","2023-10"
"143","イオンアイビス（株）","ＤＸシステム開発Ｇ","0543956","高田　優祈音","111","test","A01","test","11101","test","入荷返品テスト（王）42","入荷日,仕入伝票No.,返品理由コード,商品名,型番,JANコード,数量,原単価,売単価,総原価,総売価 ?","","","","{\"AgentMode\": \"0\", \"AutoApprovalMode\": \"N\", \"content\": [{\"value\": \"高田　優祈音\", \"name\": \"従業員氏名\"}, {\"value\": \"0543956\", \"name\": \"社員番号\"}, {\"value\": \"イオンアイビス（株）\", \"name\": \"会社名称\"}, {\"value\": \"ＤＸシステム開発Ｇ\", \"name\": \"所属\"}]}","2023-11-06 11:49:45","0543956","2023-11-06 11:49:45","0543956","2","11637","ＤＸシステム開発Ｇ-0543956,真洲句 優祈音は2023-11-06 11:49で開始.","0","","502","0","@0543956,真洲句 優祈音@","真洲句 優祈音","2023-11-06","ＤＸシステム開発Ｇ","2023-11-06 11:49","0","2023-11-06 11:49","0543956","0543956","1","0","","","","","","","","2023-11-06 11:49:45","502","2023-11-06 11:49:45","0","0543956","0543956","2023-10"
"144","イオンアイビス（株）","ＤＸシステム開発Ｇ","0543956","高田　優祈音","111","test","A01","test","11101","test","入荷返品テスト（王）43","入荷日,仕入伝票No.,返品理由コード,商品名,型番,JANコード,数量,原単価,売単価,総原価,総売価 ?","","","","{\"AgentMode\": \"0\", \"AutoApprovalMode\": \"N\", \"content\": [{\"value\": \"高田　優祈音\", \"name\": \"従業員氏名\"}, {\"value\": \"0543956\", \"name\": \"社員番号\"}, {\"value\": \"イオンアイビス（株）\", \"name\": \"会社名称\"}, {\"value\": \"ＤＸシステム開発Ｇ\", \"name\": \"所属\"}]}","2023-11-06 11:49:45","0543956","2023-11-06 11:49:45","0543956","2","11637","ＤＸシステム開発Ｇ-0543956,真洲句 優祈音は2023-11-06 11:49で開始.","0","","502","0","@0543956,真洲句 優祈音@","真洲句 優祈音","2023-11-06","ＤＸシステム開発Ｇ","2023-11-06 11:49","0","2023-11-06 11:49","0543956","0543956","1","0","","","","","","","","2023-11-06 11:49:45","502","2023-11-06 11:49:45","0","0543956","0543956","2023-10"
"145","イオンアイビス（株）","ＤＸシステム開発Ｇ","0543956","高田　優祈音","111","test","A01","test","11101","test","入荷返品テスト（王）44","入荷日,仕入伝票No.,返品理由コード,商品名,型番,JANコード,数量,原単価,売単価,総原価,総売価 ?","","","","{\"AgentMode\": \"0\", \"AutoApprovalMode\": \"N\", \"content\": [{\"value\": \"高田　優祈音\", \"name\": \"従業員氏名\"}, {\"value\": \"0543956\", \"name\": \"社員番号\"}, {\"value\": \"イオンアイビス（株）\", \"name\": \"会社名称\"}, {\"value\": \"ＤＸシステム開発Ｇ\", \"name\": \"所属\"}]}","2023-11-06 11:49:45","0543956","2023-11-06 11:49:45","0543956","2","11637","ＤＸシステム開発Ｇ-0543956,真洲句 優祈音は2023-11-06 11:49で開始.","0","","502","0","@0543956,真洲句 優祈音@","真洲句 優祈音","2023-11-06","ＤＸシステム開発Ｇ","2023-11-06 11:49","0","2023-11-06 11:49","0543956","0543956","1","0","","","","","","","","2023-11-06 11:49:45","502","2023-11-06 11:49:45","0","0543956","0543956","2023-10"
"146","イオンアイビス（株）","ＤＸシステム開発Ｇ","0543956","高田　優祈音","111","test","A01","test","11101","test","入荷返品テスト（王）45","入荷日,仕入伝票No.,返品理由コード,商品名,型番,JANコード,数量,原単価,売単価,総原価,総売価 ?","","","","{\"AgentMode\": \"0\", \"AutoApprovalMode\": \"N\", \"content\": [{\"value\": \"高田　優祈音\", \"name\": \"従業員氏名\"}, {\"value\": \"0543956\", \"name\": \"社員番号\"}, {\"value\": \"イオンアイビス（株）\", \"name\": \"会社名称\"}, {\"value\": \"ＤＸシステム開発Ｇ\", \"name\": \"所属\"}]}","2023-11-06 11:49:45","0543956","2023-11-06 11:49:45","0543956","2","11637","ＤＸシステム開発Ｇ-0543956,真洲句 優祈音は2023-11-06 11:49で開始.","0","","502","0","@0543956,真洲句 優祈音@","真洲句 優祈音","2023-11-06","ＤＸシステム開発Ｇ","2023-11-06 11:49","0","2023-11-06 11:49","0543956","0543956","1","0","","","","","","","","2023-11-06 11:49:45","502","2023-11-06 11:49:45","0","0543956","0543956","2023-10"
"147","イオンアイビス（株）","ＤＸシステム開発Ｇ","0543956","高田　優祈音","111","test","A01","test","11101","test","入荷返品テスト（王）46","入荷日,仕入伝票No.,返品理由コード,商品名,型番,JANコード,数量,原単価,売単価,総原価,総売価 ?","","","","{\"AgentMode\": \"0\", \"AutoApprovalMode\": \"N\", \"content\": [{\"value\": \"高田　優祈音\", \"name\": \"従業員氏名\"}, {\"value\": \"0543956\", \"name\": \"社員番号\"}, {\"value\": \"イオンアイビス（株）\", \"name\": \"会社名称\"}, {\"value\": \"ＤＸシステム開発Ｇ\", \"name\": \"所属\"}]}","2023-11-06 11:49:45","0543956","2023-11-06 11:49:45","0543956","2","11637","ＤＸシステム開発Ｇ-0543956,真洲句 優祈音は2023-11-06 11:49で開始.","0","","502","0","@0543956,真洲句 優祈音@","真洲句 優祈音","2023-11-06","ＤＸシステム開発Ｇ","2023-11-06 11:49","0","2023-11-06 11:49","0543956","0543956","1","0","","","","","","","","2023-11-06 11:49:45","502","2023-11-06 11:49:45","0","0543956","0543956","2023-10"
"148","イオンアイビス（株）","ＤＸシステム開発Ｇ","0543956","高田　優祈音","111","test","A01","test","11101","test","入荷返品テスト（王）47","入荷日,仕入伝票No.,返品理由コード,商品名,型番,JANコード,数量,原単価,売単価,総原価,総売価 ?","","","","{\"AgentMode\": \"0\", \"AutoApprovalMode\": \"N\", \"content\": [{\"value\": \"高田　優祈音\", \"name\": \"従業員氏名\"}, {\"value\": \"0543956\", \"name\": \"社員番号\"}, {\"value\": \"イオンアイビス（株）\", \"name\": \"会社名称\"}, {\"value\": \"ＤＸシステム開発Ｇ\", \"name\": \"所属\"}]}","2023-11-06 11:49:45","0543956","2023-11-06 11:49:45","0543956","2","11637","ＤＸシステム開発Ｇ-0543956,真洲句 優祈音は2023-11-06 11:49で開始.","0","","502","0","@0543956,真洲句 優祈音@","真洲句 優祈音","2023-11-06","ＤＸシステム開発Ｇ","2023-11-06 11:49","0","2023-11-06 11:49","0543956","0543956","1","0","","","","","","","","2023-11-06 11:49:45","502","2023-11-06 11:49:45","0","0543956","0543956","2023-10"
"149","イオンアイビス（株）","ＤＸシステム開発Ｇ","0543956","高田　優祈音","111","test","A01","test","11101","test","入荷返品テスト（王）48","入荷日,仕入伝票No.,返品理由コード,商品名,型番,JANコード,数量,原単価,売単価,総原価,総売価 ?","","","","{\"AgentMode\": \"0\", \"AutoApprovalMode\": \"N\", \"content\": [{\"value\": \"高田　優祈音\", \"name\": \"従業員氏名\"}, {\"value\": \"0543956\", \"name\": \"社員番号\"}, {\"value\": \"イオンアイビス（株）\", \"name\": \"会社名称\"}, {\"value\": \"ＤＸシステム開発Ｇ\", \"name\": \"所属\"}]}","2023-11-06 11:49:45","0543956","2023-11-06 11:49:45","0543956","2","11637","ＤＸシステム開発Ｇ-0543956,真洲句 優祈音は2023-11-06 11:49で開始.","0","","502","0","@0543956,真洲句 優祈音@","真洲句 優祈音","2023-11-06","ＤＸシステム開発Ｇ","2023-11-06 11:49","0","2023-11-06 11:49","0543956","0543956","1","0","","","","","","","","2023-11-06 11:49:45","502","2023-11-06 11:49:45","0","0543956","0543956","2023-10"
"150","イオンアイビス（株）","ＤＸシステム開発Ｇ","0543956","高田　優祈音","111","test","A01","test","11101","test","入荷返品テスト（王）49","入荷日,仕入伝票No.,返品理由コード,商品名,型番,JANコード,数量,原単価,売単価,総原価,総売価 ?","","","","{\"AgentMode\": \"0\", \"AutoApprovalMode\": \"N\", \"content\": [{\"value\": \"高田　優祈音\", \"name\": \"従業員氏名\"}, {\"value\": \"0543956\", \"name\": \"社員番号\"}, {\"value\": \"イオンアイビス（株）\", \"name\": \"会社名称\"}, {\"value\": \"ＤＸシステム開発Ｇ\", \"name\": \"所属\"}]}","2023-11-06 11:49:45","0543956","2023-11-06 11:49:45","0543956","2","11637","ＤＸシステム開発Ｇ-0543956,真洲句 優祈音は2023-11-06 11:49で開始.","0","","502","0","@0543956,真洲句 優祈音@","真洲句 優祈音","2023-11-06","ＤＸシステム開発Ｇ","2023-11-06 11:49","0","2023-11-06 11:49","0543956","0543956","1","0","","","","","","","","2023-11-06 11:49:45","502","2023-11-06 11:49:45","0","0543956","0543956","2023-10"
"151","イオンアイビス（株）","ＤＸシステム開発Ｇ","0543956","高田　優祈音","111","test","A01","test","11101","test","入荷返品テスト（王）50","入荷日,仕入伝票No.,返品理由コード,商品名,型番,JANコード,数量,原単価,売単価,総原価,総売価 ?","","","","{\"AgentMode\": \"0\", \"AutoApprovalMode\": \"N\", \"content\": [{\"value\": \"高田　優祈音\", \"name\": \"従業員氏名\"}, {\"value\": \"0543956\", \"name\": \"社員番号\"}, {\"value\": \"イオンアイビス（株）\", \"name\": \"会社名称\"}, {\"value\": \"ＤＸシステム開発Ｇ\", \"name\": \"所属\"}]}","2023-11-06 11:49:45","0543956","2023-11-06 11:49:45","0543956","2","11637","ＤＸシステム開発Ｇ-0543956,真洲句 優祈音は2023-11-06 11:49で開始.","0","","502","0","@0543956,真洲句 優祈音@","真洲句 優祈音","2023-11-06","ＤＸシステム開発Ｇ","2023-11-06 11:49","0","2023-11-06 11:49","0543956","0543956","1","0","","","","","","","","2023-11-06 11:49:45","502","2023-11-06 11:49:45","0","0543956","0543956","2023-10"
"152","イオンアイビス（株）","ＤＸシステム開発Ｇ","0543956","高田　優祈音","111","test","A01","test","11101","test","入荷返品テスト（王）51","入荷日,仕入伝票No.,返品理由コード,商品名,型番,JANコード,数量,原単価,売単価,総原価,総売価 ?","","","","{\"AgentMode\": \"0\", \"AutoApprovalMode\": \"N\", \"content\": [{\"value\": \"高田　優祈音\", \"name\": \"従業員氏名\"}, {\"value\": \"0543956\", \"name\": \"社員番号\"}, {\"value\": \"イオンアイビス（株）\", \"name\": \"会社名称\"}, {\"value\": \"ＤＸシステム開発Ｇ\", \"name\": \"所属\"}]}","2023-11-06 11:49:45","0543956","2023-11-06 11:49:45","0543956","2","11637","ＤＸシステム開発Ｇ-0543956,真洲句 優祈音は2023-11-06 11:49で開始.","0","","502","0","@0543956,真洲句 優祈音@","真洲句 優祈音","2023-11-06","ＤＸシステム開発Ｇ","2023-11-06 11:49","0","2023-11-06 11:49","0543956","0543956","1","0","","","","","","","","2023-11-06 11:49:45","502","2023-11-06 11:49:45","0","0543956","0543956","2023-10"
"153","イオンアイビス（株）","ＤＸシステム開発Ｇ","0543956","高田　優祈音","111","test","A01","test","11101","test","入荷返品テスト（王）52","入荷日,仕入伝票No.,返品理由コード,商品名,型番,JANコード,数量,原単価,売単価,総原価,総売価 ?","","","","{\"AgentMode\": \"0\", \"AutoApprovalMode\": \"N\", \"content\": [{\"value\": \"高田　優祈音\", \"name\": \"従業員氏名\"}, {\"value\": \"0543956\", \"name\": \"社員番号\"}, {\"value\": \"イオンアイビス（株）\", \"name\": \"会社名称\"}, {\"value\": \"ＤＸシステム開発Ｇ\", \"name\": \"所属\"}]}","2023-11-06 11:49:45","0543956","2023-11-06 11:49:45","0543956","2","11637","ＤＸシステム開発Ｇ-0543956,真洲句 優祈音は2023-11-06 11:49で開始.","0","","502","0","@0543956,真洲句 優祈音@","真洲句 優祈音","2023-11-06","ＤＸシステム開発Ｇ","2023-11-06 11:49","0","2023-11-06 11:49","0543956","0543956","1","0","","","","","","","","2023-11-06 11:49:45","502","2023-11-06 11:49:45","0","0543956","0543956","2023-10"
"154","イオンアイビス（株）","ＤＸシステム開発Ｇ","0543956","高田　優祈音","111","test","A01","test","11101","test","入荷返品テスト（王）53","入荷日,仕入伝票No.,返品理由コード,商品名,型番,JANコード,数量,原単価,売単価,総原価,総売価 ?","","","","{\"AgentMode\": \"0\", \"AutoApprovalMode\": \"N\", \"content\": [{\"value\": \"高田　優祈音\", \"name\": \"従業員氏名\"}, {\"value\": \"0543956\", \"name\": \"社員番号\"}, {\"value\": \"イオンアイビス（株）\", \"name\": \"会社名称\"}, {\"value\": \"ＤＸシステム開発Ｇ\", \"name\": \"所属\"}]}","2023-11-06 11:49:45","0543956","2023-11-06 11:49:45","0543956","2","11637","ＤＸシステム開発Ｇ-0543956,真洲句 優祈音は2023-11-06 11:49で開始.","0","","502","0","@0543956,真洲句 優祈音@","真洲句 優祈音","2023-11-06","ＤＸシステム開発Ｇ","2023-11-06 11:49","0","2023-11-06 11:49","0543956","0543956","1","0","","","","","","","","2023-11-06 11:49:45","502","2023-11-06 11:49:45","0","0543956","0543956","2023-10"
"155","イオンアイビス（株）","ＤＸシステム開発Ｇ","0543956","高田　優祈音","111","test","A01","test","11101","test","入荷返品テスト（王）54","入荷日,仕入伝票No.,返品理由コード,商品名,型番,JANコード,数量,原単価,売単価,総原価,総売価 ?","","","","{\"AgentMode\": \"0\", \"AutoApprovalMode\": \"N\", \"content\": [{\"value\": \"高田　優祈音\", \"name\": \"従業員氏名\"}, {\"value\": \"0543956\", \"name\": \"社員番号\"}, {\"value\": \"イオンアイビス（株）\", \"name\": \"会社名称\"}, {\"value\": \"ＤＸシステム開発Ｇ\", \"name\": \"所属\"}]}","2023-11-06 11:49:45","0543956","2023-11-06 11:49:45","0543956","2","11637","ＤＸシステム開発Ｇ-0543956,真洲句 優祈音は2023-11-06 11:49で開始.","0","","502","0","@0543956,真洲句 優祈音@","真洲句 優祈音","2023-11-06","ＤＸシステム開発Ｇ","2023-11-06 11:49","0","2023-11-06 11:49","0543956","0543956","1","0","","","","","","","","2023-11-06 11:49:45","502","2023-11-06 11:49:45","0","0543956","0543956","2023-10"
"156","イオンアイビス（株）","ＤＸシステム開発Ｇ","0543956","高田　優祈音","111","test","A01","test","11101","test","入荷返品テスト（王）55","入荷日,仕入伝票No.,返品理由コード,商品名,型番,JANコード,数量,原単価,売単価,総原価,総売価 ?","","","","{\"AgentMode\": \"0\", \"AutoApprovalMode\": \"N\", \"content\": [{\"value\": \"高田　優祈音\", \"name\": \"従業員氏名\"}, {\"value\": \"0543956\", \"name\": \"社員番号\"}, {\"value\": \"イオンアイビス（株）\", \"name\": \"会社名称\"}, {\"value\": \"ＤＸシステム開発Ｇ\", \"name\": \"所属\"}]}","2023-11-06 11:49:45","0543956","2023-11-06 11:49:45","0543956","2","11637","ＤＸシステム開発Ｇ-0543956,真洲句 優祈音は2023-11-06 11:49で開始.","0","","502","0","@0543956,真洲句 優祈音@","真洲句 優祈音","2023-11-06","ＤＸシステム開発Ｇ","2023-11-06 11:49","0","2023-11-06 11:49","0543956","0543956","1","0","","","","","","","","2023-11-06 11:49:45","502","2023-11-06 11:49:45","0","0543956","0543956","2023-10"
"157","イオンアイビス（株）","ＤＸシステム開発Ｇ","0543956","高田　優祈音","111","test","A01","test","11101","test","入荷返品テスト（王）56","入荷日,仕入伝票No.,返品理由コード,商品名,型番,JANコード,数量,原単価,売単価,総原価,総売価 ?","","","","{\"AgentMode\": \"0\", \"AutoApprovalMode\": \"N\", \"content\": [{\"value\": \"高田　優祈音\", \"name\": \"従業員氏名\"}, {\"value\": \"0543956\", \"name\": \"社員番号\"}, {\"value\": \"イオンアイビス（株）\", \"name\": \"会社名称\"}, {\"value\": \"ＤＸシステム開発Ｇ\", \"name\": \"所属\"}]}","2023-11-06 11:49:45","0543956","2023-11-06 11:49:45","0543956","2","11637","ＤＸシステム開発Ｇ-0543956,真洲句 優祈音は2023-11-06 11:49で開始.","0","","502","0","@0543956,真洲句 優祈音@","真洲句 優祈音","2023-11-06","ＤＸシステム開発Ｇ","2023-11-06 11:49","0","2023-11-06 11:49","0543956","0543956","1","0","","","","","","","","2023-11-06 11:49:45","502","2023-11-06 11:49:45","0","0543956","0543956","2023-10"
"158","イオンアイビス（株）","ＤＸシステム開発Ｇ","0543956","高田　優祈音","111","test","A01","test","11101","test","入荷返品テスト（王）57","入荷日,仕入伝票No.,返品理由コード,商品名,型番,JANコード,数量,原単価,売単価,総原価,総売価 ?","","","","{\"AgentMode\": \"0\", \"AutoApprovalMode\": \"N\", \"content\": [{\"value\": \"高田　優祈音\", \"name\": \"従業員氏名\"}, {\"value\": \"0543956\", \"name\": \"社員番号\"}, {\"value\": \"イオンアイビス（株）\", \"name\": \"会社名称\"}, {\"value\": \"ＤＸシステム開発Ｇ\", \"name\": \"所属\"}]}","2023-11-06 11:49:45","0543956","2023-11-06 11:49:45","0543956","2","11637","ＤＸシステム開発Ｇ-0543956,真洲句 優祈音は2023-11-06 11:49で開始.","0","","502","0","@0543956,真洲句 優祈音@","真洲句 優祈音","2023-11-06","ＤＸシステム開発Ｇ","2023-11-06 11:49","0","2023-11-06 11:49","0543956","0543956","1","0","","","","","","","","2023-11-06 11:49:45","502","2023-11-06 11:49:45","0","0543956","0543956","2023-10"
"159","イオンアイビス（株）","ＤＸシステム開発Ｇ","0543956","高田　優祈音","111","test","A01","test","11101","test","入荷返品テスト（王）58","入荷日,仕入伝票No.,返品理由コード,商品名,型番,JANコード,数量,原単価,売単価,総原価,総売価 ?","","","","{\"AgentMode\": \"0\", \"AutoApprovalMode\": \"N\", \"content\": [{\"value\": \"高田　優祈音\", \"name\": \"従業員氏名\"}, {\"value\": \"0543956\", \"name\": \"社員番号\"}, {\"value\": \"イオンアイビス（株）\", \"name\": \"会社名称\"}, {\"value\": \"ＤＸシステム開発Ｇ\", \"name\": \"所属\"}]}","2023-11-06 11:49:45","0543956","2023-11-06 11:49:45","0543956","2","11637","ＤＸシステム開発Ｇ-0543956,真洲句 優祈音は2023-11-06 11:49で開始.","0","","502","0","@0543956,真洲句 優祈音@","真洲句 優祈音","2023-11-06","ＤＸシステム開発Ｇ","2023-11-06 11:49","0","2023-11-06 11:49","0543956","0543956","1","0","","","","","","","","2023-11-06 11:49:45","502","2023-11-06 11:49:45","0","0543956","0543956","2023-10"
"160","イオンアイビス（株）","ＤＸシステム開発Ｇ","0543956","高田　優祈音","111","test","A01","test","11101","test","入荷返品テスト（王）59","入荷日,仕入伝票No.,返品理由コード,商品名,型番,JANコード,数量,原単価,売単価,総原価,総売価 ?","","","","{\"AgentMode\": \"0\", \"AutoApprovalMode\": \"N\", \"content\": [{\"value\": \"高田　優祈音\", \"name\": \"従業員氏名\"}, {\"value\": \"0543956\", \"name\": \"社員番号\"}, {\"value\": \"イオンアイビス（株）\", \"name\": \"会社名称\"}, {\"value\": \"ＤＸシステム開発Ｇ\", \"name\": \"所属\"}]}","2023-11-06 11:49:45","0543956","2023-11-06 11:49:45","0543956","2","11637","ＤＸシステム開発Ｇ-0543956,真洲句 優祈音は2023-11-06 11:49で開始.","0","","502","0","@0543956,真洲句 優祈音@","真洲句 優祈音","2023-11-06","ＤＸシステム開発Ｇ","2023-11-06 11:49","0","2023-11-06 11:49","0543956","0543956","1","0","","","","","","","","2023-11-06 11:49:45","502","2023-11-06 11:49:45","0","0543956","0543956","2023-10"
"161","イオンアイビス（株）","ＤＸシステム開発Ｇ","0543956","高田　優祈音","111","test","A01","test","11101","test","入荷返品テスト（王）60","入荷日,仕入伝票No.,返品理由コード,商品名,型番,JANコード,数量,原単価,売単価,総原価,総売価 ?","","","","{\"AgentMode\": \"0\", \"AutoApprovalMode\": \"N\", \"content\": [{\"value\": \"高田　優祈音\", \"name\": \"従業員氏名\"}, {\"value\": \"0543956\", \"name\": \"社員番号\"}, {\"value\": \"イオンアイビス（株）\", \"name\": \"会社名称\"}, {\"value\": \"ＤＸシステム開発Ｇ\", \"name\": \"所属\"}]}","2023-11-06 11:49:45","0543956","2023-11-06 11:49:45","0543956","2","11637","ＤＸシステム開発Ｇ-0543956,真洲句 優祈音は2023-11-06 11:49で開始.","0","","502","0","@0543956,真洲句 優祈音@","真洲句 優祈音","2023-11-06","ＤＸシステム開発Ｇ","2023-11-06 11:49","0","2023-11-06 11:49","0543956","0543956","1","0","","","","","","","","2023-11-06 11:49:45","502","2023-11-06 11:49:45","0","0543956","0543956","2023-10"
"162","イオンアイビス（株）","ＤＸシステム開発Ｇ","0543956","高田　優祈音","111","test","A01","test","11101","test","入荷返品テスト（王）61","入荷日,仕入伝票No.,返品理由コード,商品名,型番,JANコード,数量,原単価,売単価,総原価,総売価 ?","","","","{\"AgentMode\": \"0\", \"AutoApprovalMode\": \"N\", \"content\": [{\"value\": \"高田　優祈音\", \"name\": \"従業員氏名\"}, {\"value\": \"0543956\", \"name\": \"社員番号\"}, {\"value\": \"イオンアイビス（株）\", \"name\": \"会社名称\"}, {\"value\": \"ＤＸシステム開発Ｇ\", \"name\": \"所属\"}]}","2023-11-06 11:49:45","0543956","2023-11-06 11:49:45","0543956","2","11637","ＤＸシステム開発Ｇ-0543956,真洲句 優祈音は2023-11-06 11:49で開始.","0","","502","0","@0543956,真洲句 優祈音@","真洲句 優祈音","2023-11-06","ＤＸシステム開発Ｇ","2023-11-06 11:49","0","2023-11-06 11:49","0543956","0543956","1","0","","","","","","","","2023-11-06 11:49:45","502","2023-11-06 11:49:45","0","0543956","0543956","2023-10"
"163","イオンアイビス（株）","ＤＸシステム開発Ｇ","0543956","高田　優祈音","111","test","A01","test","11101","test","入荷返品テスト（王）62","入荷日,仕入伝票No.,返品理由コード,商品名,型番,JANコード,数量,原単価,売単価,総原価,総売価 ?","","","","{\"AgentMode\": \"0\", \"AutoApprovalMode\": \"N\", \"content\": [{\"value\": \"高田　優祈音\", \"name\": \"従業員氏名\"}, {\"value\": \"0543956\", \"name\": \"社員番号\"}, {\"value\": \"イオンアイビス（株）\", \"name\": \"会社名称\"}, {\"value\": \"ＤＸシステム開発Ｇ\", \"name\": \"所属\"}]}","2023-11-06 11:49:45","0543956","2023-11-06 11:49:45","0543956","2","11637","ＤＸシステム開発Ｇ-0543956,真洲句 優祈音は2023-11-06 11:49で開始.","0","","502","0","@0543956,真洲句 優祈音@","真洲句 優祈音","2023-11-06","ＤＸシステム開発Ｇ","2023-11-06 11:49","0","2023-11-06 11:49","0543956","0543956","1","0","","","","","","","","2023-11-06 11:49:45","502","2023-11-06 11:49:45","0","0543956","0543956","2023-10"
"164","イオンアイビス（株）","ＤＸシステム開発Ｇ","0543956","高田　優祈音","111","test","A01","test","11101","test","入荷返品テスト（王）63","入荷日,仕入伝票No.,返品理由コード,商品名,型番,JANコード,数量,原単価,売単価,総原価,総売価 ?","","","","{\"AgentMode\": \"0\", \"AutoApprovalMode\": \"N\", \"content\": [{\"value\": \"高田　優祈音\", \"name\": \"従業員氏名\"}, {\"value\": \"0543956\", \"name\": \"社員番号\"}, {\"value\": \"イオンアイビス（株）\", \"name\": \"会社名称\"}, {\"value\": \"ＤＸシステム開発Ｇ\", \"name\": \"所属\"}]}","2023-11-06 11:49:45","0543956","2023-11-06 11:49:45","0543956","2","11637","ＤＸシステム開発Ｇ-0543956,真洲句 優祈音は2023-11-06 11:49で開始.","0","","502","0","@0543956,真洲句 優祈音@","真洲句 優祈音","2023-11-06","ＤＸシステム開発Ｇ","2023-11-06 11:49","0","2023-11-06 11:49","0543956","0543956","1","0","","","","","","","","2023-11-06 11:49:45","502","2023-11-06 11:49:45","0","0543956","0543956","2023-10"
"165","イオンアイビス（株）","ＤＸシステム開発Ｇ","0543956","高田　優祈音","111","test","A01","test","11101","test","入荷返品テスト（王）64","入荷日,仕入伝票No.,返品理由コード,商品名,型番,JANコード,数量,原単価,売単価,総原価,総売価 ?","","","","{\"AgentMode\": \"0\", \"AutoApprovalMode\": \"N\", \"content\": [{\"value\": \"高田　優祈音\", \"name\": \"従業員氏名\"}, {\"value\": \"0543956\", \"name\": \"社員番号\"}, {\"value\": \"イオンアイビス（株）\", \"name\": \"会社名称\"}, {\"value\": \"ＤＸシステム開発Ｇ\", \"name\": \"所属\"}]}","2023-11-06 11:49:45","0543956","2023-11-06 11:49:45","0543956","2","11637","ＤＸシステム開発Ｇ-0543956,真洲句 優祈音は2023-11-06 11:49で開始.","0","","502","0","@0543956,真洲句 優祈音@","真洲句 優祈音","2023-11-06","ＤＸシステム開発Ｇ","2023-11-06 11:49","0","2023-11-06 11:49","0543956","0543956","1","0","","","","","","","","2023-11-06 11:49:45","502","2023-11-06 11:49:45","0","0543956","0543956","2023-10"
"166","イオンアイビス（株）","ＤＸシステム開発Ｇ","0543956","高田　優祈音","111","test","A01","test","11101","test","入荷返品テスト（王）65","入荷日,仕入伝票No.,返品理由コード,商品名,型番,JANコード,数量,原単価,売単価,総原価,総売価 ?","","","","{\"AgentMode\": \"0\", \"AutoApprovalMode\": \"N\", \"content\": [{\"value\": \"高田　優祈音\", \"name\": \"従業員氏名\"}, {\"value\": \"0543956\", \"name\": \"社員番号\"}, {\"value\": \"イオンアイビス（株）\", \"name\": \"会社名称\"}, {\"value\": \"ＤＸシステム開発Ｇ\", \"name\": \"所属\"}]}","2023-11-06 11:49:45","0543956","2023-11-06 11:49:45","0543956","2","11637","ＤＸシステム開発Ｇ-0543956,真洲句 優祈音は2023-11-06 11:49で開始.","0","","502","0","@0543956,真洲句 優祈音@","真洲句 優祈音","2023-11-06","ＤＸシステム開発Ｇ","2023-11-06 11:49","0","2023-11-06 11:49","0543956","0543956","1","0","","","","","","","","2023-11-06 11:49:45","502","2023-11-06 11:49:45","0","0543956","0543956","2023-10"
"167","イオンアイビス（株）","ＤＸシステム開発Ｇ","0543956","高田　優祈音","111","test","A01","test","11101","test","入荷返品テスト（王）66","入荷日,仕入伝票No.,返品理由コード,商品名,型番,JANコード,数量,原単価,売単価,総原価,総売価 ?","","","","{\"AgentMode\": \"0\", \"AutoApprovalMode\": \"N\", \"content\": [{\"value\": \"高田　優祈音\", \"name\": \"従業員氏名\"}, {\"value\": \"0543956\", \"name\": \"社員番号\"}, {\"value\": \"イオンアイビス（株）\", \"name\": \"会社名称\"}, {\"value\": \"ＤＸシステム開発Ｇ\", \"name\": \"所属\"}]}","2023-11-06 11:49:45","0543956","2023-11-06 11:49:45","0543956","2","11637","ＤＸシステム開発Ｇ-0543956,真洲句 優祈音は2023-11-06 11:49で開始.","0","","502","0","@0543956,真洲句 優祈音@","真洲句 優祈音","2023-11-06","ＤＸシステム開発Ｇ","2023-11-06 11:49","0","2023-11-06 11:49","0543956","0543956","1","0","","","","","","","","2023-11-06 11:49:45","502","2023-11-06 11:49:45","0","0543956","0543956","2023-10"
"168","イオンアイビス（株）","ＤＸシステム開発Ｇ","0543956","高田　優祈音","111","test","A01","test","11101","test","入荷返品テスト（王）67","入荷日,仕入伝票No.,返品理由コード,商品名,型番,JANコード,数量,原単価,売単価,総原価,総売価 ?","","","","{\"AgentMode\": \"0\", \"AutoApprovalMode\": \"N\", \"content\": [{\"value\": \"高田　優祈音\", \"name\": \"従業員氏名\"}, {\"value\": \"0543956\", \"name\": \"社員番号\"}, {\"value\": \"イオンアイビス（株）\", \"name\": \"会社名称\"}, {\"value\": \"ＤＸシステム開発Ｇ\", \"name\": \"所属\"}]}","2023-11-06 11:49:45","0543956","2023-11-06 11:49:45","0543956","2","11637","ＤＸシステム開発Ｇ-0543956,真洲句 優祈音は2023-11-06 11:49で開始.","0","","502","0","@0543956,真洲句 優祈音@","真洲句 優祈音","2023-11-06","ＤＸシステム開発Ｇ","2023-11-06 11:49","0","2023-11-06 11:49","0543956","0543956","1","0","","","","","","","","2023-11-06 11:49:45","502","2023-11-06 11:49:45","0","0543956","0543956","2023-10"
"169","イオンアイビス（株）","ＤＸシステム開発Ｇ","0543956","高田　優祈音","111","test","A01","test","11101","test","入荷返品テスト（王）68","入荷日,仕入伝票No.,返品理由コード,商品名,型番,JANコード,数量,原単価,売単価,総原価,総売価 ?","","","","{\"AgentMode\": \"0\", \"AutoApprovalMode\": \"N\", \"content\": [{\"value\": \"高田　優祈音\", \"name\": \"従業員氏名\"}, {\"value\": \"0543956\", \"name\": \"社員番号\"}, {\"value\": \"イオンアイビス（株）\", \"name\": \"会社名称\"}, {\"value\": \"ＤＸシステム開発Ｇ\", \"name\": \"所属\"}]}","2023-11-06 11:49:45","0543956","2023-11-06 11:49:45","0543956","2","11637","ＤＸシステム開発Ｇ-0543956,真洲句 優祈音は2023-11-06 11:49で開始.","0","","502","0","@0543956,真洲句 優祈音@","真洲句 優祈音","2023-11-06","ＤＸシステム開発Ｇ","2023-11-06 11:49","0","2023-11-06 11:49","0543956","0543956","1","0","","","","","","","","2023-11-06 11:49:45","502","2023-11-06 11:49:45","0","0543956","0543956","2023-10"
"170","イオンアイビス（株）","ＤＸシステム開発Ｇ","0543956","高田　優祈音","111","test","A01","test","11101","test","入荷返品テスト（王）69","入荷日,仕入伝票No.,返品理由コード,商品名,型番,JANコード,数量,原単価,売単価,総原価,総売価 ?","","","","{\"AgentMode\": \"0\", \"AutoApprovalMode\": \"N\", \"content\": [{\"value\": \"高田　優祈音\", \"name\": \"従業員氏名\"}, {\"value\": \"0543956\", \"name\": \"社員番号\"}, {\"value\": \"イオンアイビス（株）\", \"name\": \"会社名称\"}, {\"value\": \"ＤＸシステム開発Ｇ\", \"name\": \"所属\"}]}","2023-11-06 11:49:45","0543956","2023-11-06 11:49:45","0543956","2","11637","ＤＸシステム開発Ｇ-0543956,真洲句 優祈音は2023-11-06 11:49で開始.","0","","502","0","@0543956,真洲句 優祈音@","真洲句 優祈音","2023-11-06","ＤＸシステム開発Ｇ","2023-11-06 11:49","0","2023-11-06 11:49","0543956","0543956","1","0","","","","","","","","2023-11-06 11:49:45","502","2023-11-06 11:49:45","0","0543956","0543956","2023-10"
"171","イオンアイビス（株）","ＤＸシステム開発Ｇ","0543956","高田　優祈音","111","test","A01","test","11101","test","入荷返品テスト（王）70","入荷日,仕入伝票No.,返品理由コード,商品名,型番,JANコード,数量,原単価,売単価,総原価,総売価 ?","","","","{\"AgentMode\": \"0\", \"AutoApprovalMode\": \"N\", \"content\": [{\"value\": \"高田　優祈音\", \"name\": \"従業員氏名\"}, {\"value\": \"0543956\", \"name\": \"社員番号\"}, {\"value\": \"イオンアイビス（株）\", \"name\": \"会社名称\"}, {\"value\": \"ＤＸシステム開発Ｇ\", \"name\": \"所属\"}]}","2023-11-06 11:49:45","0543956","2023-11-06 11:49:45","0543956","2","11637","ＤＸシステム開発Ｇ-0543956,真洲句 優祈音は2023-11-06 11:49で開始.","0","","502","0","@0543956,真洲句 優祈音@","真洲句 優祈音","2023-11-06","ＤＸシステム開発Ｇ","2023-11-06 11:49","0","2023-11-06 11:49","0543956","0543956","1","0","","","","","","","","2023-11-06 11:49:45","502","2023-11-06 11:49:45","0","0543956","0543956","2023-10"
"172","イオンアイビス（株）","ＤＸシステム開発Ｇ","0543956","高田　優祈音","111","test","A01","test","11101","test","入荷返品テスト（王）71","入荷日,仕入伝票No.,返品理由コード,商品名,型番,JANコード,数量,原単価,売単価,総原価,総売価 ?","","","","{\"AgentMode\": \"0\", \"AutoApprovalMode\": \"N\", \"content\": [{\"value\": \"高田　優祈音\", \"name\": \"従業員氏名\"}, {\"value\": \"0543956\", \"name\": \"社員番号\"}, {\"value\": \"イオンアイビス（株）\", \"name\": \"会社名称\"}, {\"value\": \"ＤＸシステム開発Ｇ\", \"name\": \"所属\"}]}","2023-11-06 11:49:45","0543956","2023-11-06 11:49:45","0543956","2","11637","ＤＸシステム開発Ｇ-0543956,真洲句 優祈音は2023-11-06 11:49で開始.","0","","502","0","@0543956,真洲句 優祈音@","真洲句 優祈音","2023-11-06","ＤＸシステム開発Ｇ","2023-11-06 11:49","0","2023-11-06 11:49","0543956","0543956","1","0","","","","","","","","2023-11-06 11:49:45","502","2023-11-06 11:49:45","0","0543956","0543956","2023-10"
"173","イオンアイビス（株）","ＤＸシステム開発Ｇ","0543956","高田　優祈音","111","test","A01","test","11101","test","入荷返品テスト（王）72","入荷日,仕入伝票No.,返品理由コード,商品名,型番,JANコード,数量,原単価,売単価,総原価,総売価 ?","","","","{\"AgentMode\": \"0\", \"AutoApprovalMode\": \"N\", \"content\": [{\"value\": \"高田　優祈音\", \"name\": \"従業員氏名\"}, {\"value\": \"0543956\", \"name\": \"社員番号\"}, {\"value\": \"イオンアイビス（株）\", \"name\": \"会社名称\"}, {\"value\": \"ＤＸシステム開発Ｇ\", \"name\": \"所属\"}]}","2023-11-06 11:49:45","0543956","2023-11-06 11:49:45","0543956","2","11637","ＤＸシステム開発Ｇ-0543956,真洲句 優祈音は2023-11-06 11:49で開始.","0","","502","0","@0543956,真洲句 優祈音@","真洲句 優祈音","2023-11-06","ＤＸシステム開発Ｇ","2023-11-06 11:49","0","2023-11-06 11:49","0543956","0543956","1","0","","","","","","","","2023-11-06 11:49:45","502","2023-11-06 11:49:45","0","0543956","0543956","2023-10"
"174","イオンアイビス（株）","ＤＸシステム開発Ｇ","0543956","高田　優祈音","111","test","A01","test","11101","test","入荷返品テスト（王）73","入荷日,仕入伝票No.,返品理由コード,商品名,型番,JANコード,数量,原単価,売単価,総原価,総売価 ?","","","","{\"AgentMode\": \"0\", \"AutoApprovalMode\": \"N\", \"content\": [{\"value\": \"高田　優祈音\", \"name\": \"従業員氏名\"}, {\"value\": \"0543956\", \"name\": \"社員番号\"}, {\"value\": \"イオンアイビス（株）\", \"name\": \"会社名称\"}, {\"value\": \"ＤＸシステム開発Ｇ\", \"name\": \"所属\"}]}","2023-11-06 11:49:45","0543956","2023-11-06 11:49:45","0543956","2","11637","ＤＸシステム開発Ｇ-0543956,真洲句 優祈音は2023-11-06 11:49で開始.","0","","502","0","@0543956,真洲句 優祈音@","真洲句 優祈音","2023-11-06","ＤＸシステム開発Ｇ","2023-11-06 11:49","0","2023-11-06 11:49","0543956","0543956","1","0","","","","","","","","2023-11-06 11:49:45","502","2023-11-06 11:49:45","0","0543956","0543956","2023-10"
"175","イオンアイビス（株）","ＤＸシステム開発Ｇ","0543956","高田　優祈音","111","test","A01","test","11101","test","入荷返品テスト（王）74","入荷日,仕入伝票No.,返品理由コード,商品名,型番,JANコード,数量,原単価,売単価,総原価,総売価 ?","","","","{\"AgentMode\": \"0\", \"AutoApprovalMode\": \"N\", \"content\": [{\"value\": \"高田　優祈音\", \"name\": \"従業員氏名\"}, {\"value\": \"0543956\", \"name\": \"社員番号\"}, {\"value\": \"イオンアイビス（株）\", \"name\": \"会社名称\"}, {\"value\": \"ＤＸシステム開発Ｇ\", \"name\": \"所属\"}]}","2023-11-06 11:49:45","0543956","2023-11-06 11:49:45","0543956","2","11637","ＤＸシステム開発Ｇ-0543956,真洲句 優祈音は2023-11-06 11:49で開始.","0","","502","0","@0543956,真洲句 優祈音@","真洲句 優祈音","2023-11-06","ＤＸシステム開発Ｇ","2023-11-06 11:49","0","2023-11-06 11:49","0543956","0543956","1","0","","","","","","","","2023-11-06 11:49:45","502","2023-11-06 11:49:45","0","0543956","0543956","2023-10"
"176","イオンアイビス（株）","ＤＸシステム開発Ｇ","0543956","高田　優祈音","111","test","A01","test","11101","test","入荷返品テスト（王）75","入荷日,仕入伝票No.,返品理由コード,商品名,型番,JANコード,数量,原単価,売単価,総原価,総売価 ?","","","","{\"AgentMode\": \"0\", \"AutoApprovalMode\": \"N\", \"content\": [{\"value\": \"高田　優祈音\", \"name\": \"従業員氏名\"}, {\"value\": \"0543956\", \"name\": \"社員番号\"}, {\"value\": \"イオンアイビス（株）\", \"name\": \"会社名称\"}, {\"value\": \"ＤＸシステム開発Ｇ\", \"name\": \"所属\"}]}","2023-11-06 11:49:45","0543956","2023-11-06 11:49:45","0543956","2","11637","ＤＸシステム開発Ｇ-0543956,真洲句 優祈音は2023-11-06 11:49で開始.","0","","502","0","@0543956,真洲句 優祈音@","真洲句 優祈音","2023-11-06","ＤＸシステム開発Ｇ","2023-11-06 11:49","0","2023-11-06 11:49","0543956","0543956","1","0","","","","","","","","2023-11-06 11:49:45","502","2023-11-06 11:49:45","0","0543956","0543956","2023-10"
"177","イオンアイビス（株）","ＤＸシステム開発Ｇ","0543956","高田　優祈音","111","test","A01","test","11101","test","入荷返品テスト（王）76","入荷日,仕入伝票No.,返品理由コード,商品名,型番,JANコード,数量,原単価,売単価,総原価,総売価 ?","","","","{\"AgentMode\": \"0\", \"AutoApprovalMode\": \"N\", \"content\": [{\"value\": \"高田　優祈音\", \"name\": \"従業員氏名\"}, {\"value\": \"0543956\", \"name\": \"社員番号\"}, {\"value\": \"イオンアイビス（株）\", \"name\": \"会社名称\"}, {\"value\": \"ＤＸシステム開発Ｇ\", \"name\": \"所属\"}]}","2023-11-06 11:49:45","0543956","2023-11-06 11:49:45","0543956","2","11637","ＤＸシステム開発Ｇ-0543956,真洲句 優祈音は2023-11-06 11:49で開始.","0","","502","0","@0543956,真洲句 優祈音@","真洲句 優祈音","2023-11-06","ＤＸシステム開発Ｇ","2023-11-06 11:49","0","2023-11-06 11:49","0543956","0543956","1","0","","","","","","","","2023-11-06 11:49:45","502","2023-11-06 11:49:45","0","0543956","0543956","2023-10"
"178","イオンアイビス（株）","ＤＸシステム開発Ｇ","0543956","高田　優祈音","111","test","A01","test","11101","test","入荷返品テスト（王）77","入荷日,仕入伝票No.,返品理由コード,商品名,型番,JANコード,数量,原単価,売単価,総原価,総売価 ?","","","","{\"AgentMode\": \"0\", \"AutoApprovalMode\": \"N\", \"content\": [{\"value\": \"高田　優祈音\", \"name\": \"従業員氏名\"}, {\"value\": \"0543956\", \"name\": \"社員番号\"}, {\"value\": \"イオンアイビス（株）\", \"name\": \"会社名称\"}, {\"value\": \"ＤＸシステム開発Ｇ\", \"name\": \"所属\"}]}","2023-11-06 11:49:45","0543956","2023-11-06 11:49:45","0543956","2","11637","ＤＸシステム開発Ｇ-0543956,真洲句 優祈音は2023-11-06 11:49で開始.","0","","502","0","@0543956,真洲句 優祈音@","真洲句 優祈音","2023-11-06","ＤＸシステム開発Ｇ","2023-11-06 11:49","0","2023-11-06 11:49","0543956","0543956","1","0","","","","","","","","2023-11-06 11:49:45","502","2023-11-06 11:49:45","0","0543956","0543956","2023-10"
"179","イオンアイビス（株）","ＤＸシステム開発Ｇ","0543956","高田　優祈音","111","test","A01","test","11101","test","入荷返品テスト（王）78","入荷日,仕入伝票No.,返品理由コード,商品名,型番,JANコード,数量,原単価,売単価,総原価,総売価 ?","","","","{\"AgentMode\": \"0\", \"AutoApprovalMode\": \"N\", \"content\": [{\"value\": \"高田　優祈音\", \"name\": \"従業員氏名\"}, {\"value\": \"0543956\", \"name\": \"社員番号\"}, {\"value\": \"イオンアイビス（株）\", \"name\": \"会社名称\"}, {\"value\": \"ＤＸシステム開発Ｇ\", \"name\": \"所属\"}]}","2023-11-06 11:49:45","0543956","2023-11-06 11:49:45","0543956","2","11637","ＤＸシステム開発Ｇ-0543956,真洲句 優祈音は2023-11-06 11:49で開始.","0","","502","0","@0543956,真洲句 優祈音@","真洲句 優祈音","2023-11-06","ＤＸシステム開発Ｇ","2023-11-06 11:49","0","2023-11-06 11:49","0543956","0543956","1","0","","","","","","","","2023-11-06 11:49:45","502","2023-11-06 11:49:45","0","0543956","0543956","2023-10"
"180","イオンアイビス（株）","ＤＸシステム開発Ｇ","0543956","高田　優祈音","111","test","A01","test","11101","test","入荷返品テスト（王）79","入荷日,仕入伝票No.,返品理由コード,商品名,型番,JANコード,数量,原単価,売単価,総原価,総売価 ?","","","","{\"AgentMode\": \"0\", \"AutoApprovalMode\": \"N\", \"content\": [{\"value\": \"高田　優祈音\", \"name\": \"従業員氏名\"}, {\"value\": \"0543956\", \"name\": \"社員番号\"}, {\"value\": \"イオンアイビス（株）\", \"name\": \"会社名称\"}, {\"value\": \"ＤＸシステム開発Ｇ\", \"name\": \"所属\"}]}","2023-11-06 11:49:45","0543956","2023-11-06 11:49:45","0543956","2","11637","ＤＸシステム開発Ｇ-0543956,真洲句 優祈音は2023-11-06 11:49で開始.","0","","502","0","@0543956,真洲句 優祈音@","真洲句 優祈音","2023-11-06","ＤＸシステム開発Ｇ","2023-11-06 11:49","0","2023-11-06 11:49","0543956","0543956","1","0","","","","","","","","2023-11-06 11:49:45","502","2023-11-06 11:49:45","0","0543956","0543956","2023-10"
"181","イオンアイビス（株）","ＤＸシステム開発Ｇ","0543956","高田　優祈音","111","test","A01","test","11101","test","入荷返品テスト（王）80","入荷日,仕入伝票No.,返品理由コード,商品名,型番,JANコード,数量,原単価,売単価,総原価,総売価 ?","","","","{\"AgentMode\": \"0\", \"AutoApprovalMode\": \"N\", \"content\": [{\"value\": \"高田　優祈音\", \"name\": \"従業員氏名\"}, {\"value\": \"0543956\", \"name\": \"社員番号\"}, {\"value\": \"イオンアイビス（株）\", \"name\": \"会社名称\"}, {\"value\": \"ＤＸシステム開発Ｇ\", \"name\": \"所属\"}]}","2023-11-06 11:49:45","0543956","2023-11-06 11:49:45","0543956","2","11637","ＤＸシステム開発Ｇ-0543956,真洲句 優祈音は2023-11-06 11:49で開始.","0","","502","0","@0543956,真洲句 優祈音@","真洲句 優祈音","2023-11-06","ＤＸシステム開発Ｇ","2023-11-06 11:49","0","2023-11-06 11:49","0543956","0543956","1","0","","","","","","","","2023-11-06 11:49:45","502","2023-11-06 11:49:45","0","0543956","0543956","2023-10"
"182","イオンアイビス（株）","ＤＸシステム開発Ｇ","0543956","高田　優祈音","111","test","A01","test","11101","test","入荷返品テスト（王）81","入荷日,仕入伝票No.,返品理由コード,商品名,型番,JANコード,数量,原単価,売単価,総原価,総売価 ?","","","","{\"AgentMode\": \"0\", \"AutoApprovalMode\": \"N\", \"content\": [{\"value\": \"高田　優祈音\", \"name\": \"従業員氏名\"}, {\"value\": \"0543956\", \"name\": \"社員番号\"}, {\"value\": \"イオンアイビス（株）\", \"name\": \"会社名称\"}, {\"value\": \"ＤＸシステム開発Ｇ\", \"name\": \"所属\"}]}","2023-11-06 11:49:45","0543956","2023-11-06 11:49:45","0543956","2","11637","ＤＸシステム開発Ｇ-0543956,真洲句 優祈音は2023-11-06 11:49で開始.","0","","502","0","@0543956,真洲句 優祈音@","真洲句 優祈音","2023-11-06","ＤＸシステム開発Ｇ","2023-11-06 11:49","0","2023-11-06 11:49","0543956","0543956","1","0","","","","","","","","2023-11-06 11:49:45","502","2023-11-06 11:49:45","0","0543956","0543956","2023-10"
"183","イオンアイビス（株）","ＤＸシステム開発Ｇ","0543956","高田　優祈音","111","test","A01","test","11101","test","入荷返品テスト（王）82","入荷日,仕入伝票No.,返品理由コード,商品名,型番,JANコード,数量,原単価,売単価,総原価,総売価 ?","","","","{\"AgentMode\": \"0\", \"AutoApprovalMode\": \"N\", \"content\": [{\"value\": \"高田　優祈音\", \"name\": \"従業員氏名\"}, {\"value\": \"0543956\", \"name\": \"社員番号\"}, {\"value\": \"イオンアイビス（株）\", \"name\": \"会社名称\"}, {\"value\": \"ＤＸシステム開発Ｇ\", \"name\": \"所属\"}]}","2023-11-06 11:49:45","0543956","2023-11-06 11:49:45","0543956","2","11637","ＤＸシステム開発Ｇ-0543956,真洲句 優祈音は2023-11-06 11:49で開始.","0","","502","0","@0543956,真洲句 優祈音@","真洲句 優祈音","2023-11-06","ＤＸシステム開発Ｇ","2023-11-06 11:49","0","2023-11-06 11:49","0543956","0543956","1","0","","","","","","","","2023-11-06 11:49:45","502","2023-11-06 11:49:45","0","0543956","0543956","2023-10"
"184","イオンアイビス（株）","ＤＸシステム開発Ｇ","0543956","高田　優祈音","111","test","A01","test","11101","test","入荷返品テスト（王）83","入荷日,仕入伝票No.,返品理由コード,商品名,型番,JANコード,数量,原単価,売単価,総原価,総売価 ?","","","","{\"AgentMode\": \"0\", \"AutoApprovalMode\": \"N\", \"content\": [{\"value\": \"高田　優祈音\", \"name\": \"従業員氏名\"}, {\"value\": \"0543956\", \"name\": \"社員番号\"}, {\"value\": \"イオンアイビス（株）\", \"name\": \"会社名称\"}, {\"value\": \"ＤＸシステム開発Ｇ\", \"name\": \"所属\"}]}","2023-11-06 11:49:45","0543956","2023-11-06 11:49:45","0543956","2","11637","ＤＸシステム開発Ｇ-0543956,真洲句 優祈音は2023-11-06 11:49で開始.","0","","502","0","@0543956,真洲句 優祈音@","真洲句 優祈音","2023-11-06","ＤＸシステム開発Ｇ","2023-11-06 11:49","0","2023-11-06 11:49","0543956","0543956","1","0","","","","","","","","2023-11-06 11:49:45","502","2023-11-06 11:49:45","0","0543956","0543956","2023-10"
"185","イオンアイビス（株）","ＤＸシステム開発Ｇ","0543956","高田　優祈音","111","test","A01","test","11101","test","入荷返品テスト（王）84","入荷日,仕入伝票No.,返品理由コード,商品名,型番,JANコード,数量,原単価,売単価,総原価,総売価 ?","","","","{\"AgentMode\": \"0\", \"AutoApprovalMode\": \"N\", \"content\": [{\"value\": \"高田　優祈音\", \"name\": \"従業員氏名\"}, {\"value\": \"0543956\", \"name\": \"社員番号\"}, {\"value\": \"イオンアイビス（株）\", \"name\": \"会社名称\"}, {\"value\": \"ＤＸシステム開発Ｇ\", \"name\": \"所属\"}]}","2023-11-06 11:49:45","0543956","2023-11-06 11:49:45","0543956","2","11637","ＤＸシステム開発Ｇ-0543956,真洲句 優祈音は2023-11-06 11:49で開始.","0","","502","0","@0543956,真洲句 優祈音@","真洲句 優祈音","2023-11-06","ＤＸシステム開発Ｇ","2023-11-06 11:49","0","2023-11-06 11:49","0543956","0543956","1","0","","","","","","","","2023-11-06 11:49:45","502","2023-11-06 11:49:45","0","0543956","0543956","2023-10"
"186","イオンアイビス（株）","ＤＸシステム開発Ｇ","0543956","高田　優祈音","111","test","A01","test","11101","test","入荷返品テスト（王）85","入荷日,仕入伝票No.,返品理由コード,商品名,型番,JANコード,数量,原単価,売単価,総原価,総売価 ?","","","","{\"AgentMode\": \"0\", \"AutoApprovalMode\": \"N\", \"content\": [{\"value\": \"高田　優祈音\", \"name\": \"従業員氏名\"}, {\"value\": \"0543956\", \"name\": \"社員番号\"}, {\"value\": \"イオンアイビス（株）\", \"name\": \"会社名称\"}, {\"value\": \"ＤＸシステム開発Ｇ\", \"name\": \"所属\"}]}","2023-11-06 11:49:45","0543956","2023-11-06 11:49:45","0543956","2","11637","ＤＸシステム開発Ｇ-0543956,真洲句 優祈音は2023-11-06 11:49で開始.","0","","502","0","@0543956,真洲句 優祈音@","真洲句 優祈音","2023-11-06","ＤＸシステム開発Ｇ","2023-11-06 11:49","0","2023-11-06 11:49","0543956","0543956","1","0","","","","","","","","2023-11-06 11:49:45","502","2023-11-06 11:49:45","0","0543956","0543956","2023-10"
"187","イオンアイビス（株）","ＤＸシステム開発Ｇ","0543956","高田　優祈音","111","test","A01","test","11101","test","入荷返品テスト（王）86","入荷日,仕入伝票No.,返品理由コード,商品名,型番,JANコード,数量,原単価,売単価,総原価,総売価 ?","","","","{\"AgentMode\": \"0\", \"AutoApprovalMode\": \"N\", \"content\": [{\"value\": \"高田　優祈音\", \"name\": \"従業員氏名\"}, {\"value\": \"0543956\", \"name\": \"社員番号\"}, {\"value\": \"イオンアイビス（株）\", \"name\": \"会社名称\"}, {\"value\": \"ＤＸシステム開発Ｇ\", \"name\": \"所属\"}]}","2023-11-06 11:49:45","0543956","2023-11-06 11:49:45","0543956","2","11637","ＤＸシステム開発Ｇ-0543956,真洲句 優祈音は2023-11-06 11:49で開始.","0","","502","0","@0543956,真洲句 優祈音@","真洲句 優祈音","2023-11-06","ＤＸシステム開発Ｇ","2023-11-06 11:49","0","2023-11-06 11:49","0543956","0543956","1","0","","","","","","","","2023-11-06 11:49:45","502","2023-11-06 11:49:45","0","0543956","0543956","2023-10"
"188","イオンアイビス（株）","ＤＸシステム開発Ｇ","0543956","高田　優祈音","111","test","A01","test","11101","test","入荷返品テスト（王）87","入荷日,仕入伝票No.,返品理由コード,商品名,型番,JANコード,数量,原単価,売単価,総原価,総売価 ?","","","","{\"AgentMode\": \"0\", \"AutoApprovalMode\": \"N\", \"content\": [{\"value\": \"高田　優祈音\", \"name\": \"従業員氏名\"}, {\"value\": \"0543956\", \"name\": \"社員番号\"}, {\"value\": \"イオンアイビス（株）\", \"name\": \"会社名称\"}, {\"value\": \"ＤＸシステム開発Ｇ\", \"name\": \"所属\"}]}","2023-11-06 11:49:45","0543956","2023-11-06 11:49:45","0543956","2","11637","ＤＸシステム開発Ｇ-0543956,真洲句 優祈音は2023-11-06 11:49で開始.","0","","502","0","@0543956,真洲句 優祈音@","真洲句 優祈音","2023-11-06","ＤＸシステム開発Ｇ","2023-11-06 11:49","0","2023-11-06 11:49","0543956","0543956","1","0","","","","","","","","2023-11-06 11:49:45","502","2023-11-06 11:49:45","0","0543956","0543956","2023-10"
"189","イオンアイビス（株）","ＤＸシステム開発Ｇ","0543956","高田　優祈音","111","test","A01","test","11101","test","入荷返品テスト（王）88","入荷日,仕入伝票No.,返品理由コード,商品名,型番,JANコード,数量,原単価,売単価,総原価,総売価 ?","","","","{\"AgentMode\": \"0\", \"AutoApprovalMode\": \"N\", \"content\": [{\"value\": \"高田　優祈音\", \"name\": \"従業員氏名\"}, {\"value\": \"0543956\", \"name\": \"社員番号\"}, {\"value\": \"イオンアイビス（株）\", \"name\": \"会社名称\"}, {\"value\": \"ＤＸシステム開発Ｇ\", \"name\": \"所属\"}]}","2023-11-06 11:49:45","0543956","2023-11-06 11:49:45","0543956","2","11637","ＤＸシステム開発Ｇ-0543956,真洲句 優祈音は2023-11-06 11:49で開始.","0","","502","0","@0543956,真洲句 優祈音@","真洲句 優祈音","2023-11-06","ＤＸシステム開発Ｇ","2023-11-06 11:49","0","2023-11-06 11:49","0543956","0543956","1","0","","","","","","","","2023-11-06 11:49:45","502","2023-11-06 11:49:45","0","0543956","0543956","2023-10"
"190","イオンアイビス（株）","ＤＸシステム開発Ｇ","0543956","高田　優祈音","111","test","A01","test","11101","test","入荷返品テスト（王）89","入荷日,仕入伝票No.,返品理由コード,商品名,型番,JANコード,数量,原単価,売単価,総原価,総売価 ?","","","","{\"AgentMode\": \"0\", \"AutoApprovalMode\": \"N\", \"content\": [{\"value\": \"高田　優祈音\", \"name\": \"従業員氏名\"}, {\"value\": \"0543956\", \"name\": \"社員番号\"}, {\"value\": \"イオンアイビス（株）\", \"name\": \"会社名称\"}, {\"value\": \"ＤＸシステム開発Ｇ\", \"name\": \"所属\"}]}","2023-11-06 11:49:45","0543956","2023-11-06 11:49:45","0543956","2","11637","ＤＸシステム開発Ｇ-0543956,真洲句 優祈音は2023-11-06 11:49で開始.","0","","502","0","@0543956,真洲句 優祈音@","真洲句 優祈音","2023-11-06","ＤＸシステム開発Ｇ","2023-11-06 11:49","0","2023-11-06 11:49","0543956","0543956","1","0","","","","","","","","2023-11-06 11:49:45","502","2023-11-06 11:49:45","0","0543956","0543956","2023-10"
"191","イオンアイビス（株）","ＤＸシステム開発Ｇ","0543956","高田　優祈音","111","test","A01","test","11101","test","入荷返品テスト（王）90","入荷日,仕入伝票No.,返品理由コード,商品名,型番,JANコード,数量,原単価,売単価,総原価,総売価 ?","","","","{\"AgentMode\": \"0\", \"AutoApprovalMode\": \"N\", \"content\": [{\"value\": \"高田　優祈音\", \"name\": \"従業員氏名\"}, {\"value\": \"0543956\", \"name\": \"社員番号\"}, {\"value\": \"イオンアイビス（株）\", \"name\": \"会社名称\"}, {\"value\": \"ＤＸシステム開発Ｇ\", \"name\": \"所属\"}]}","2023-11-06 11:49:45","0543956","2023-11-06 11:49:45","0543956","2","11637","ＤＸシステム開発Ｇ-0543956,真洲句 優祈音は2023-11-06 11:49で開始.","0","","502","0","@0543956,真洲句 優祈音@","真洲句 優祈音","2023-11-06","ＤＸシステム開発Ｇ","2023-11-06 11:49","0","2023-11-06 11:49","0543956","0543956","1","0","","","","","","","","2023-11-06 11:49:45","502","2023-11-06 11:49:45","0","0543956","0543956","2023-10"
"192","イオンアイビス（株）","ＤＸシステム開発Ｇ","0543956","高田　優祈音","111","test","A01","test","11101","test","入荷返品テスト（王）91","入荷日,仕入伝票No.,返品理由コード,商品名,型番,JANコード,数量,原単価,売単価,総原価,総売価 ?","","","","{\"AgentMode\": \"0\", \"AutoApprovalMode\": \"N\", \"content\": [{\"value\": \"高田　優祈音\", \"name\": \"従業員氏名\"}, {\"value\": \"0543956\", \"name\": \"社員番号\"}, {\"value\": \"イオンアイビス（株）\", \"name\": \"会社名称\"}, {\"value\": \"ＤＸシステム開発Ｇ\", \"name\": \"所属\"}]}","2023-11-06 11:49:45","0543956","2023-11-06 11:49:45","0543956","2","11637","ＤＸシステム開発Ｇ-0543956,真洲句 優祈音は2023-11-06 11:49で開始.","0","","502","0","@0543956,真洲句 優祈音@","真洲句 優祈音","2023-11-06","ＤＸシステム開発Ｇ","2023-11-06 11:49","0","2023-11-06 11:49","0543956","0543956","1","0","","","","","","","","2023-11-06 11:49:45","502","2023-11-06 11:49:45","0","0543956","0543956","2023-10"
"193","イオンアイビス（株）","ＤＸシステム開発Ｇ","0543956","高田　優祈音","111","test","A01","test","11101","test","入荷返品テスト（王）92","入荷日,仕入伝票No.,返品理由コード,商品名,型番,JANコード,数量,原単価,売単価,総原価,総売価 ?","","","","{\"AgentMode\": \"0\", \"AutoApprovalMode\": \"N\", \"content\": [{\"value\": \"高田　優祈音\", \"name\": \"従業員氏名\"}, {\"value\": \"0543956\", \"name\": \"社員番号\"}, {\"value\": \"イオンアイビス（株）\", \"name\": \"会社名称\"}, {\"value\": \"ＤＸシステム開発Ｇ\", \"name\": \"所属\"}]}","2023-11-06 11:49:45","0543956","2023-11-06 11:49:45","0543956","2","11637","ＤＸシステム開発Ｇ-0543956,真洲句 優祈音は2023-11-06 11:49で開始.","0","","502","0","@0543956,真洲句 優祈音@","真洲句 優祈音","2023-11-06","ＤＸシステム開発Ｇ","2023-11-06 11:49","0","2023-11-06 11:49","0543956","0543956","1","0","","","","","","","","2023-11-06 11:49:45","502","2023-11-06 11:49:45","0","0543956","0543956","2023-10"
"194","イオンアイビス（株）","ＤＸシステム開発Ｇ","0543956","高田　優祈音","111","test","A01","test","11101","test","入荷返品テスト（王）93","入荷日,仕入伝票No.,返品理由コード,商品名,型番,JANコード,数量,原単価,売単価,総原価,総売価 ?","","","","{\"AgentMode\": \"0\", \"AutoApprovalMode\": \"N\", \"content\": [{\"value\": \"高田　優祈音\", \"name\": \"従業員氏名\"}, {\"value\": \"0543956\", \"name\": \"社員番号\"}, {\"value\": \"イオンアイビス（株）\", \"name\": \"会社名称\"}, {\"value\": \"ＤＸシステム開発Ｇ\", \"name\": \"所属\"}]}","2023-11-06 11:49:45","0543956","2023-11-06 11:49:45","0543956","2","11637","ＤＸシステム開発Ｇ-0543956,真洲句 優祈音は2023-11-06 11:49で開始.","0","","502","0","@0543956,真洲句 優祈音@","真洲句 優祈音","2023-11-06","ＤＸシステム開発Ｇ","2023-11-06 11:49","0","2023-11-06 11:49","0543956","0543956","1","0","","","","","","","","2023-11-06 11:49:45","502","2023-11-06 11:49:45","0","0543956","0543956","2023-10"
"195","イオンアイビス（株）","ＤＸシステム開発Ｇ","0543956","高田　優祈音","111","test","A01","test","11101","test","入荷返品テスト（王）94","入荷日,仕入伝票No.,返品理由コード,商品名,型番,JANコード,数量,原単価,売単価,総原価,総売価 ?","","","","{\"AgentMode\": \"0\", \"AutoApprovalMode\": \"N\", \"content\": [{\"value\": \"高田　優祈音\", \"name\": \"従業員氏名\"}, {\"value\": \"0543956\", \"name\": \"社員番号\"}, {\"value\": \"イオンアイビス（株）\", \"name\": \"会社名称\"}, {\"value\": \"ＤＸシステム開発Ｇ\", \"name\": \"所属\"}]}","2023-11-06 11:49:45","0543956","2023-11-06 11:49:45","0543956","2","11637","ＤＸシステム開発Ｇ-0543956,真洲句 優祈音は2023-11-06 11:49で開始.","0","","502","0","@0543956,真洲句 優祈音@","真洲句 優祈音","2023-11-06","ＤＸシステム開発Ｇ","2023-11-06 11:49","0","2023-11-06 11:49","0543956","0543956","1","0","","","","","","","","2023-11-06 11:49:45","502","2023-11-06 11:49:45","0","0543956","0543956","2023-10"
"196","イオンアイビス（株）","ＤＸシステム開発Ｇ","0543956","高田　優祈音","111","test","A01","test","11101","test","入荷返品テスト（王）95","入荷日,仕入伝票No.,返品理由コード,商品名,型番,JANコード,数量,原単価,売単価,総原価,総売価 ?","","","","{\"AgentMode\": \"0\", \"AutoApprovalMode\": \"N\", \"content\": [{\"value\": \"高田　優祈音\", \"name\": \"従業員氏名\"}, {\"value\": \"0543956\", \"name\": \"社員番号\"}, {\"value\": \"イオンアイビス（株）\", \"name\": \"会社名称\"}, {\"value\": \"ＤＸシステム開発Ｇ\", \"name\": \"所属\"}]}","2023-11-06 11:49:45","0543956","2023-11-06 11:49:45","0543956","2","11637","ＤＸシステム開発Ｇ-0543956,真洲句 優祈音は2023-11-06 11:49で開始.","0","","502","0","@0543956,真洲句 優祈音@","真洲句 優祈音","2023-11-06","ＤＸシステム開発Ｇ","2023-11-06 11:49","0","2023-11-06 11:49","0543956","0543956","1","0","","","","","","","","2023-11-06 11:49:45","502","2023-11-06 11:49:45","0","0543956","0543956","2023-10"
"197","イオンアイビス（株）","ＤＸシステム開発Ｇ","0543956","高田　優祈音","111","test","A01","test","11101","test","入荷返品テスト（王）96","入荷日,仕入伝票No.,返品理由コード,商品名,型番,JANコード,数量,原単価,売単価,総原価,総売価 ?","","","","{\"AgentMode\": \"0\", \"AutoApprovalMode\": \"N\", \"content\": [{\"value\": \"高田　優祈音\", \"name\": \"従業員氏名\"}, {\"value\": \"0543956\", \"name\": \"社員番号\"}, {\"value\": \"イオンアイビス（株）\", \"name\": \"会社名称\"}, {\"value\": \"ＤＸシステム開発Ｇ\", \"name\": \"所属\"}]}","2023-11-06 11:49:45","0543956","2023-11-06 11:49:45","0543956","2","11637","ＤＸシステム開発Ｇ-0543956,真洲句 優祈音は2023-11-06 11:49で開始.","0","","502","0","@0543956,真洲句 優祈音@","真洲句 優祈音","2023-11-06","ＤＸシステム開発Ｇ","2023-11-06 11:49","0","2023-11-06 11:49","0543956","0543956","1","0","","","","","","","","2023-11-06 11:49:45","502","2023-11-06 11:49:45","0","0543956","0543956","2023-10"
"198","イオンアイビス（株）","ＤＸシステム開発Ｇ","0543956","高田　優祈音","111","test","A01","test","11101","test","入荷返品テスト（王）97","入荷日,仕入伝票No.,返品理由コード,商品名,型番,JANコード,数量,原単価,売単価,総原価,総売価 ?","","","","{\"AgentMode\": \"0\", \"AutoApprovalMode\": \"N\", \"content\": [{\"value\": \"高田　優祈音\", \"name\": \"従業員氏名\"}, {\"value\": \"0543956\", \"name\": \"社員番号\"}, {\"value\": \"イオンアイビス（株）\", \"name\": \"会社名称\"}, {\"value\": \"ＤＸシステム開発Ｇ\", \"name\": \"所属\"}]}","2023-11-06 11:49:45","0543956","2023-11-06 11:49:45","0543956","2","11637","ＤＸシステム開発Ｇ-0543956,真洲句 優祈音は2023-11-06 11:49で開始.","0","","502","0","@0543956,真洲句 優祈音@","真洲句 優祈音","2023-11-06","ＤＸシステム開発Ｇ","2023-11-06 11:49","0","2023-11-06 11:49","0543956","0543956","1","0","","","","","","","","2023-11-06 11:49:45","502","2023-11-06 11:49:45","0","0543956","0543956","2023-10"
"199","イオンアイビス（株）","ＤＸシステム開発Ｇ","0543956","高田　優祈音","111","test","A01","test","11101","test","入荷返品テスト（王）98","入荷日,仕入伝票No.,返品理由コード,商品名,型番,JANコード,数量,原単価,売単価,総原価,総売価 ?","","","","{\"AgentMode\": \"0\", \"AutoApprovalMode\": \"N\", \"content\": [{\"value\": \"高田　優祈音\", \"name\": \"従業員氏名\"}, {\"value\": \"0543956\", \"name\": \"社員番号\"}, {\"value\": \"イオンアイビス（株）\", \"name\": \"会社名称\"}, {\"value\": \"ＤＸシステム開発Ｇ\", \"name\": \"所属\"}]}","2023-11-06 11:49:45","0543956","2023-11-06 11:49:45","0543956","2","11637","ＤＸシステム開発Ｇ-0543956,真洲句 優祈音は2023-11-06 11:49で開始.","0","","502","0","@0543956,真洲句 優祈音@","真洲句 優祈音","2023-11-06","ＤＸシステム開発Ｇ","2023-11-06 11:49","0","2023-11-06 11:49","0543956","0543956","1","0","","","","","","","","2023-11-06 11:49:45","502","2023-11-06 11:49:45","0","0543956","0543956","2023-10"
"200","イオンアイビス（株）","ＤＸシステム開発Ｇ","0543956","高田　優祈音","111","test","A01","test","11101","test","入荷返品テスト（王）99","入荷日,仕入伝票No.,返品理由コード,商品名,型番,JANコード,数量,原単価,売単価,総原価,総売価 ?","","","","{\"AgentMode\": \"0\", \"AutoApprovalMode\": \"N\", \"content\": [{\"value\": \"高田　優祈音\", \"name\": \"従業員氏名\"}, {\"value\": \"0543956\", \"name\": \"社員番号\"}, {\"value\": \"イオンアイビス（株）\", \"name\": \"会社名称\"}, {\"value\": \"ＤＸシステム開発Ｇ\", \"name\": \"所属\"}]}","2023-11-06 11:49:45","0543956","2023-11-06 11:49:45","0543956","2","11637","ＤＸシステム開発Ｇ-0543956,真洲句 優祈音は2023-11-06 11:49で開始.","0","","502","0","@0543956,真洲句 優祈音@","真洲句 優祈音","2023-11-06","ＤＸシステム開発Ｇ","2023-11-06 11:49","0","2023-11-06 11:49","0543956","0543956","1","0","","","","","","","","2023-11-06 11:49:45","502","2023-11-06 11:49:45","0","0543956","0543956","2023-10"
"201","イオンアイビス（株）","ＤＸシステム開発Ｇ","0543956","高田　優祈音","111","test","A01","test","11101","test","入荷返品テスト（王）100","入荷日,仕入伝票No.,返品理由コード,商品名,型番,JANコード,数量,原単価,売単価,総原価,総売価 ?","","","","{\"AgentMode\": \"0\", \"AutoApprovalMode\": \"N\", \"content\": [{\"value\": \"高田　優祈音\", \"name\": \"従業員氏名\"}, {\"value\": \"0543956\", \"name\": \"社員番号\"}, {\"value\": \"イオンアイビス（株）\", \"name\": \"会社名称\"}, {\"value\": \"ＤＸシステム開発Ｇ\", \"name\": \"所属\"}]}","2023-11-06 11:49:45","0543956","2023-11-06 11:49:45","0543956","2","11637","ＤＸシステム開発Ｇ-0543956,真洲句 優祈音は2023-11-06 11:49で開始.","0","","502","0","@0543956,真洲句 優祈音@","真洲句 優祈音","2023-11-06","ＤＸシステム開発Ｇ","2023-11-06 11:49","0","2023-11-06 11:49","0543956","0543956","1","0","","","","","","","","2023-11-06 11:49:45","502","2023-11-06 11:49:45","0","0543956","0543956","2023-10"
