"2","イオンアイビス（株）","ＤＸシステム開発Ｇ","0543956","高田　優祈音","商品計画テスト（王）1","","","","{\"AgentMode\": \"0\", \"AutoApprovalMode\": \"N\", \"content\": [{\"value\": \"高田　優祈音\", \"name\": \"従業員氏名\"}, {\"value\": \"0543956\", \"name\": \"発送者\"}, {\"value\": \"MEP2023\", \"name\": \"No\"}, {\"value\": \"0543956\", \"name\": \"更新者\"}, {\"value\": \"0003\", \"name\": \"申請部門\"}, {\"value\": \"発送\", \"name\": \"進行ステータス\"}]}","2023-10-31 22:47:15","0543956","2023-10-31 22:47:15","0","","102","0","@0543956,真洲句 優祈音@","真洲句 優祈音","2023-10-06","ＤＸシステム開発Ｇ","2023-10-31 22:47:15","0","2023-10-31 22:47:15","0543956","0543956","1","0","","","","","","","","2023-10-31 22:47","102","2023-10-31 22:47","0","0543956","0543956","2023-10"
"3","イオンアイビス（株）","ＤＸシステム開発Ｇ","0543956","高田　優祈音","商品計画テスト（王）2","","","","{\"AgentMode\": \"0\", \"AutoApprovalMode\": \"N\", \"content\": [{\"value\": \"高田　優祈音\", \"name\": \"従業員氏名\"}, {\"value\": \"0543956\", \"name\": \"発送者\"}, {\"value\": \"MEP2023\", \"name\": \"No\"}, {\"value\": \"0543956\", \"name\": \"更新者\"}, {\"value\": \"0003\", \"name\": \"申請部門\"}, {\"value\": \"発送\", \"name\": \"進行ステータス\"}]}","2023-10-31 22:47:15","0543956","2023-10-31 22:47:15","0","","102","0","@0543956,真洲句 優祈音@","真洲句 優祈音","2023-10-06","ＤＸシステム開発Ｇ","2023-10-31 22:47:15","0","2023-10-31 22:47:15","0543956","0543956","1","0","","","","","","","","2023-10-31 22:47","102","2023-10-31 22:47","0","0543956","0543956","2023-10"
"4","イオンアイビス（株）","ＤＸシステム開発Ｇ","0543956","高田　優祈音","商品計画テスト（王）3","","","","{\"AgentMode\": \"0\", \"AutoApprovalMode\": \"N\", \"content\": [{\"value\": \"高田　優祈音\", \"name\": \"従業員氏名\"}, {\"value\": \"0543956\", \"name\": \"発送者\"}, {\"value\": \"MEP2023\", \"name\": \"No\"}, {\"value\": \"0543956\", \"name\": \"更新者\"}, {\"value\": \"0003\", \"name\": \"申請部門\"}, {\"value\": \"発送\", \"name\": \"進行ステータス\"}]}","2023-10-31 22:47:15","0543956","2023-10-31 22:47:15","0","","102","0","@0543956,真洲句 優祈音@","真洲句 優祈音","2023-10-06","ＤＸシステム開発Ｇ","2023-10-31 22:47:15","0","2023-10-31 22:47:15","0543956","0543956","1","0","","","","","","","","2023-10-31 22:47","102","2023-10-31 22:47","0","0543956","0543956","2023-10"
"5","イオンアイビス（株）","ＤＸシステム開発Ｇ","0543956","高田　優祈音","商品計画テスト（王）4","","","","{\"AgentMode\": \"0\", \"AutoApprovalMode\": \"N\", \"content\": [{\"value\": \"高田　優祈音\", \"name\": \"従業員氏名\"}, {\"value\": \"0543956\", \"name\": \"発送者\"}, {\"value\": \"MEP2023\", \"name\": \"No\"}, {\"value\": \"0543956\", \"name\": \"更新者\"}, {\"value\": \"0003\", \"name\": \"申請部門\"}, {\"value\": \"発送\", \"name\": \"進行ステータス\"}]}","2023-10-31 22:47:15","0543956","2023-10-31 22:47:15","0","","102","0","@0543956,真洲句 優祈音@","真洲句 優祈音","2023-10-06","ＤＸシステム開発Ｇ","2023-10-31 22:47:15","0","2023-10-31 22:47:15","0543956","0543956","1","0","","","","","","","","2023-10-31 22:47","102","2023-10-31 22:47","0","0543956","0543956","2023-10"
"6","イオンアイビス（株）","ＤＸシステム開発Ｇ","0543956","高田　優祈音","商品計画テスト（王）5","","","","{\"AgentMode\": \"0\", \"AutoApprovalMode\": \"N\", \"content\": [{\"value\": \"高田　優祈音\", \"name\": \"従業員氏名\"}, {\"value\": \"0543956\", \"name\": \"発送者\"}, {\"value\": \"MEP2023\", \"name\": \"No\"}, {\"value\": \"0543956\", \"name\": \"更新者\"}, {\"value\": \"0003\", \"name\": \"申請部門\"}, {\"value\": \"発送\", \"name\": \"進行ステータス\"}]}","2023-10-31 22:47:15","0543956","2023-10-31 22:47:15","0","","102","0","@0543956,真洲句 優祈音@","真洲句 優祈音","2023-10-06","ＤＸシステム開発Ｇ","2023-10-31 22:47:15","0","2023-10-31 22:47:15","0543956","0543956","1","0","","","","","","","","2023-10-31 22:47","102","2023-10-31 22:47","0","0543956","0543956","2023-10"
"7","イオンアイビス（株）","ＤＸシステム開発Ｇ","0543956","高田　優祈音","商品計画テスト（王）6","","","","{\"AgentMode\": \"0\", \"AutoApprovalMode\": \"N\", \"content\": [{\"value\": \"高田　優祈音\", \"name\": \"従業員氏名\"}, {\"value\": \"0543956\", \"name\": \"発送者\"}, {\"value\": \"MEP2023\", \"name\": \"No\"}, {\"value\": \"0543956\", \"name\": \"更新者\"}, {\"value\": \"0003\", \"name\": \"申請部門\"}, {\"value\": \"発送\", \"name\": \"進行ステータス\"}]}","2023-10-31 22:47:15","0543956","2023-10-31 22:47:15","0","","102","0","@0543956,真洲句 優祈音@","真洲句 優祈音","2023-10-06","ＤＸシステム開発Ｇ","2023-10-31 22:47:15","0","2023-10-31 22:47:15","0543956","0543956","1","0","","","","","","","","2023-10-31 22:47","102","2023-10-31 22:47","0","0543956","0543956","2023-10"
"8","イオンアイビス（株）","ＤＸシステム開発Ｇ","0543956","高田　優祈音","商品計画テスト（王）7","","","","{\"AgentMode\": \"0\", \"AutoApprovalMode\": \"N\", \"content\": [{\"value\": \"高田　優祈音\", \"name\": \"従業員氏名\"}, {\"value\": \"0543956\", \"name\": \"発送者\"}, {\"value\": \"MEP2023\", \"name\": \"No\"}, {\"value\": \"0543956\", \"name\": \"更新者\"}, {\"value\": \"0003\", \"name\": \"申請部門\"}, {\"value\": \"発送\", \"name\": \"進行ステータス\"}]}","2023-10-31 22:47:15","0543956","2023-10-31 22:47:15","0","","102","0","@0543956,真洲句 優祈音@","真洲句 優祈音","2023-10-06","ＤＸシステム開発Ｇ","2023-10-31 22:47:15","0","2023-10-31 22:47:15","0543956","0543956","1","0","","","","","","","","2023-10-31 22:47","102","2023-10-31 22:47","0","0543956","0543956","2023-10"
"9","イオンアイビス（株）","ＤＸシステム開発Ｇ","0543956","高田　優祈音","商品計画テスト（王）8","","","","{\"AgentMode\": \"0\", \"AutoApprovalMode\": \"N\", \"content\": [{\"value\": \"高田　優祈音\", \"name\": \"従業員氏名\"}, {\"value\": \"0543956\", \"name\": \"発送者\"}, {\"value\": \"MEP2023\", \"name\": \"No\"}, {\"value\": \"0543956\", \"name\": \"更新者\"}, {\"value\": \"0003\", \"name\": \"申請部門\"}, {\"value\": \"発送\", \"name\": \"進行ステータス\"}]}","2023-10-31 22:47:15","0543956","2023-10-31 22:47:15","0","","102","0","@0543956,真洲句 優祈音@","真洲句 優祈音","2023-10-06","ＤＸシステム開発Ｇ","2023-10-31 22:47:15","0","2023-10-31 22:47:15","0543956","0543956","1","0","","","","","","","","2023-10-31 22:47","102","2023-10-31 22:47","0","0543956","0543956","2023-10"
"10","イオンアイビス（株）","ＤＸシステム開発Ｇ","0543956","高田　優祈音","商品計画テスト（王）9","","","","{\"AgentMode\": \"0\", \"AutoApprovalMode\": \"N\", \"content\": [{\"value\": \"高田　優祈音\", \"name\": \"従業員氏名\"}, {\"value\": \"0543956\", \"name\": \"発送者\"}, {\"value\": \"MEP2023\", \"name\": \"No\"}, {\"value\": \"0543956\", \"name\": \"更新者\"}, {\"value\": \"0003\", \"name\": \"申請部門\"}, {\"value\": \"発送\", \"name\": \"進行ステータス\"}]}","2023-10-31 22:47:15","0543956","2023-10-31 22:47:15","0","","102","0","@0543956,真洲句 優祈音@","真洲句 優祈音","2023-10-06","ＤＸシステム開発Ｇ","2023-10-31 22:47:15","0","2023-10-31 22:47:15","0543956","0543956","1","0","","","","","","","","2023-10-31 22:47","102","2023-10-31 22:47","0","0543956","0543956","2023-10"
"11","イオンアイビス（株）","ＤＸシステム開発Ｇ","0543956","高田　優祈音","商品計画テスト（王）10","","","","{\"AgentMode\": \"0\", \"AutoApprovalMode\": \"N\", \"content\": [{\"value\": \"高田　優祈音\", \"name\": \"従業員氏名\"}, {\"value\": \"0543956\", \"name\": \"発送者\"}, {\"value\": \"MEP2023\", \"name\": \"No\"}, {\"value\": \"0543956\", \"name\": \"更新者\"}, {\"value\": \"0003\", \"name\": \"申請部門\"}, {\"value\": \"発送\", \"name\": \"進行ステータス\"}]}","2023-10-31 22:47:15","0543956","2023-10-31 22:47:15","0","","102","0","@0543956,真洲句 優祈音@","真洲句 優祈音","2023-10-06","ＤＸシステム開発Ｇ","2023-10-31 22:47:15","0","2023-10-31 22:47:15","0543956","0543956","1","0","","","","","","","","2023-10-31 22:47","102","2023-10-31 22:47","0","0543956","0543956","2023-10"
